"Date","Year","Country","Location","Site","Management_level","Latitude","Longitude","number_transect","Family","Mean_biomass","sd_b","se_b","Mean_density","sd_d","se_d"
2018-05-10,2018,"Comoros","Pomoni","Mrojou","Partially Restricted","-12.2440278",44.3556667,3,"Acanthuridae",12.010254685905,3.96529468796905,2.28936395551512,1822.22222222222,966.858218569204,558.215852759132
2018-05-10,2018,"Comoros","Pomoni","Mrojou","Partially Restricted","-12.2440278",44.3556667,3,"Epinephelidae",0.379573142234932,0.65743996753947,0.379573142234932,7.40740740740741,12.8300059819917,7.40740740740741
2018-05-10,2018,"Comoros","Pomoni","Mrojou","Partially Restricted","-12.2440278",44.3556667,3,"Chaetodontidae",1.55569846482099,1.44046556236187,0.83165318018801,251.851851851852,160.759514179339,92.8145487862346
2018-05-10,2018,"Comoros","Pomoni","Mrojou","Partially Restricted","-12.2440278",44.3556667,3,"Labridae",3.07661249668337,0.496167323418959,0.286462337739032,229.62962962963,33.945005147821,19.5981578597377
2018-05-10,2018,"Comoros","Pomoni","Mrojou","Partially Restricted","-12.2440278",44.3556667,3,NA,3.23780924860089,0.667204544813445,0.385210723552584,251.851851851852,25.6600119639834,14.8148148148148
2018-05-10,2018,"Comoros","Pomoni","Mrojou","Partially Restricted","-12.2440278",44.3556667,3,"Mullidae",0.630347835699266,0.679040844726064,0.392044414493344,125.925925925926,55.9246995205241,32.2881403225235
2018-05-10,2018,"Comoros","Pomoni","Mrojou","Partially Restricted","-12.2440278",44.3556667,3,"Scarinae",7.29778919005466,12.6401416601016,7.29778919005466,51.8518518518518,89.8100418739418,51.8518518518518
2018-08-20,2018,"Comoros","Pomoni","Mnadzijou","Partially Restricted","-12.242777",44.3497222,3,"Acanthuridae",7.68587549997391,5.00762912534289,2.89115602351853,1233.33333333333,500,288.675134594813
2018-08-20,2018,"Comoros","Pomoni","Mnadzijou","Partially Restricted","-12.242777",44.3497222,3,"Chaetodontidae",1.71440502950053,1.88163938198346,1.08636500370595,166.666666666667,133.333333333333,76.9800358919501
2018-08-20,2018,"Comoros","Pomoni","Mnadzijou","Partially Restricted","-12.242777",44.3497222,3,"Labridae",1.33323560467784,1.08845683053253,0.628420844109243,188.888888888889,157.527187541754,90.9483641319161
2018-08-20,2018,"Comoros","Pomoni","Mnadzijou","Partially Restricted","-12.242777",44.3497222,3,NA,5.90234744713736,4.71001379208727,2.71932773074843,477.777777777778,96.2250448649376,55.5555555555555
2018-08-20,2018,"Comoros","Pomoni","Mnadzijou","Partially Restricted","-12.242777",44.3497222,3,"Mullidae",2.43149974067925,4.04013953985374,2.33257565089821,77.7777777777778,69.3888666488711,40.0616808384888
2018-08-20,2018,"Comoros","Pomoni","Mnadzijou","Partially Restricted","-12.242777",44.3497222,3,"Scarinae",0.930321739359623,1.53337245332041,0.885292998692498,66.6666666666667,88.1917103688197,50.9175077217316
2018-09-05,2018,"Comoros","Pomoni","Madjibaridi","Partially Restricted","-12.2433333",44.34805556,3,"Acanthuridae",25.1172698016728,33.6082128324682,19.4037107258077,2344.44444444444,2252.48833597506,1300.47474712169
2018-09-05,2018,"Comoros","Pomoni","Madjibaridi","Partially Restricted","-12.2433333",44.34805556,3,"Pomacanthidae",0.157137818333412,0.272170685143998,0.157137818333412,33.3333333333333,57.7350269189626,33.3333333333333
2018-09-05,2018,"Comoros","Pomoni","Madjibaridi","Partially Restricted","-12.2433333",44.34805556,3,"Epinephelidae",0.528109445502099,0.914712391566663,0.528109445502099,11.1111111111111,19.2450089729875,11.1111111111111
2018-09-05,2018,"Comoros","Pomoni","Madjibaridi","Partially Restricted","-12.2433333",44.34805556,3,"Chaetodontidae",1.71741870470559,1.83504630689208,1.05946447925957,444.444444444444,485.722066542098,280.431765869421
2018-09-05,2018,"Comoros","Pomoni","Madjibaridi","Partially Restricted","-12.2433333",44.34805556,3,"Labridae",0.315096904923526,0.233768893094026,0.134966533355997,211.111111111111,134.715062810913,77.7777777777778
2018-09-05,2018,"Comoros","Pomoni","Madjibaridi","Partially Restricted","-12.2433333",44.34805556,3,NA,2.65068351809605,3.41308787027924,1.97054720067356,622.222222222222,390.631018472154,225.530923668716
2018-09-05,2018,"Comoros","Pomoni","Madjibaridi","Partially Restricted","-12.2433333",44.34805556,3,"Mullidae",0.154985424829745,0.213517901443169,0.123274617875018,77.7777777777778,107.151675122144,61.8640484758891
2018-09-05,2018,"Comoros","Pomoni","Madjibaridi","Partially Restricted","-12.2433333",44.34805556,3,"Scarinae",0.181668625847139,0.157329645054233,0.0908343129235695,66.6666666666667,57.7350269189626,33.3333333333333
2018-09-05,2018,"Comoros","Pomoni","Hamare_01","Partially Restricted","-12.240493",44.334006,3,"Acanthuridae",4.11747655356436,0.897467368110901,0.518153026567734,1122.22222222222,269.430125621825,155.555555555556
2018-09-05,2018,"Comoros","Pomoni","Hamare_01","Partially Restricted","-12.240493",44.334006,3,"Epinephelidae",0.640835776335235,1.06237784307506,0.613364133680478,55.5555555555556,69.3888666488711,40.0616808384888
2018-09-05,2018,"Comoros","Pomoni","Hamare_01","Partially Restricted","-12.240493",44.334006,3,"Chaetodontidae",1.26898747035222,1.43307704953536,0.827387420318713,333.333333333333,378.593889720018,218.5812841434
2018-09-05,2018,"Comoros","Pomoni","Hamare_01","Partially Restricted","-12.240493",44.334006,3,"Labridae",1.98816997490217,2.09514447090343,1.20963222426725,644.444444444444,50.9175077217316,29.3972367896066
2018-09-05,2018,"Comoros","Pomoni","Hamare_01","Partially Restricted","-12.240493",44.334006,3,NA,1.79543423291274,0.834878241260341,0.482017177332219,377.777777777778,134.715062810913,77.7777777777778
2018-09-05,2018,"Comoros","Pomoni","Hamare_01","Partially Restricted","-12.240493",44.334006,3,"Mullidae",0.834817878670509,0.873242611642063,0.504166856899397,133.333333333333,66.6666666666667,38.4900179459751
2018-09-05,2018,"Comoros","Pomoni","Hamare_01","Partially Restricted","-12.240493",44.334006,3,"Scarinae",0.0302781043078565,0.0524432150180775,0.0302781043078565,11.1111111111111,19.2450089729875,11.1111111111111
2018-11-30,2018,"Comoros","Pomoni","Hamare_02","Partially Restricted","-12.241253",44.333174,3,"Acanthuridae",11.4606872841226,6.47065749203006,3.73583584485743,3488.88888888889,1971.27520299067,1138.1162690935
2018-11-30,2018,"Comoros","Pomoni","Hamare_02","Partially Restricted","-12.241253",44.333174,3,"Chaetodontidae",1.38992768597301,0.663715690651342,0.38319643266293,377.777777777778,203.670030886926,117.588947158426
2018-11-30,2018,"Comoros","Pomoni","Hamare_02","Partially Restricted","-12.241253",44.333174,3,"Labridae",0.778834290490692,0.929392716759845,0.536585135204174,444.444444444444,390.631018472154,225.530923668716
2018-11-30,2018,"Comoros","Pomoni","Hamare_02","Partially Restricted","-12.241253",44.333174,3,NA,0.0615961519253248,0.106687664685394,0.0615961519253248,22.2222222222222,38.4900179459751,22.2222222222222
2018-11-30,2018,"Comoros","Pomoni","Hamare_02","Partially Restricted","-12.241253",44.333174,3,"Scarinae",0.060556208615713,0.104886430036155,0.060556208615713,22.2222222222222,38.4900179459751,22.2222222222222
2018-11-30,2018,"Comoros","Pomoni","Mabamboni","Partially Restricted","-12.244921",44.329091,3,"Acanthuridae",18.4275372285499,23.2233618107606,13.4080141929307,1977.77777777778,859.801872095694,496.406842304193
2018-11-30,2018,"Comoros","Pomoni","Mabamboni","Partially Restricted","-12.244921",44.329091,3,"Epinephelidae",0.0714760629828367,0.0619992607716955,0.0357952898960962,44.4444444444444,38.4900179459751,22.2222222222222
2018-11-30,2018,"Comoros","Pomoni","Mabamboni","Partially Restricted","-12.244921",44.329091,3,"Chaetodontidae",0.686736818266819,0.142751124625026,0.0824174002293804,177.777777777778,38.490017945975,22.2222222222222
2018-11-30,2018,"Comoros","Pomoni","Mabamboni","Partially Restricted","-12.244921",44.329091,3,"Labridae",1.91292973922135,0.945752919771843,0.546030702817148,1111.11111111111,167.774098561572,96.8644209675706
2018-11-30,2018,"Comoros","Pomoni","Mabamboni","Partially Restricted","-12.244921",44.329091,3,NA,0.225555852050648,0.110750233932555,0.0639416773737746,133.333333333333,66.6666666666667,38.4900179459751
2018-11-30,2018,"Comoros","Pomoni","Mabamboni","Partially Restricted","-12.244921",44.329091,3,"Mullidae",0.0885630999027112,0.153395788707294,0.0885630999027112,44.4444444444444,76.9800358919501,44.4444444444444
2018-11-30,2018,"Comoros","Pomoni","Mabamboni","Partially Restricted","-12.244921",44.329091,3,"Scarinae",1.67897485287211,2.90806974980497,1.67897485287211,66.6666666666667,115.470053837925,66.6666666666667
2018-12-13,2018,"Comoros","Pomoni","Dzindri Yantsini","Partially Restricted","-12.249128",44.350077,3,"Acanthuridae",8.94073109570491,3.63967937636209,2.10136986770658,1777.77777777778,214.303350244288,123.728096951778
2018-12-13,2018,"Comoros","Pomoni","Dzindri Yantsini","Partially Restricted","-12.249128",44.350077,3,"Epinephelidae",1.1387194267048,1.97231990261841,1.1387194267048,22.2222222222222,38.4900179459751,22.2222222222222
2018-12-13,2018,"Comoros","Pomoni","Dzindri Yantsini","Partially Restricted","-12.249128",44.350077,3,"Chaetodontidae",0.348329909405282,0.402736774172935,0.232520184981306,88.8888888888889,101.835015443463,58.7944735792131
2018-12-13,2018,"Comoros","Pomoni","Dzindri Yantsini","Partially Restricted","-12.249128",44.350077,3,"Labridae",1.9634651344229,0.958856058340432,0.553595803396952,1022.22222222222,367.171369819074,211.986489203766
2018-12-13,2018,"Comoros","Pomoni","Dzindri Yantsini","Partially Restricted","-12.249128",44.350077,3,NA,0.149689964979243,0.174533477476551,0.100766950203688,88.8888888888889,101.835015443463,58.7944735792131
2019-10-03,2019,"Comoros","Pomoni","Hamare_02","Partially Restricted","-12.241253",44.333174,3,"Acanthuridae",69.3910745361878,58.5180710087088,33.7854240493357,1400,577.350269189626,333.333333333333
2019-10-03,2019,"Comoros","Pomoni","Hamare_02","Partially Restricted","-12.241253",44.333174,3,"Balistidae",6.04660692262632,10.4730304033865,6.04660692262632,177.777777777778,307.9201435678,177.777777777778
2019-10-03,2019,"Comoros","Pomoni","Hamare_02","Partially Restricted","-12.241253",44.333174,3,"Pomacanthidae",2.48903418222243,4.04201858601703,2.3336605187064,111.111111111111,138.777733297742,80.1233616769776
2019-10-03,2019,"Comoros","Pomoni","Hamare_02","Partially Restricted","-12.241253",44.333174,3,"Chaetodontidae",7.73991380237244,6.76428632218786,3.90536252899087,933.333333333333,1041.36662345422,601.233300376386
2019-10-03,2019,"Comoros","Pomoni","Hamare_02","Partially Restricted","-12.241253",44.333174,3,"Labridae",1.14086846210733,0.943330747034091,0.544632260734983,311.111111111111,252.395926480012,145.7208560956
2019-10-03,2019,"Comoros","Pomoni","Hamare_02","Partially Restricted","-12.241253",44.333174,3,NA,3.56319518540016,3.7318782454937,2.1546009096187,200,290.593262902712,167.774098561572
2019-10-03,2019,"Comoros","Pomoni","Hamare_02","Partially Restricted","-12.241253",44.333174,3,"Lutjanidae",0.0855555555555556,0.148186569092004,0.0855555555555556,22.2222222222222,38.4900179459751,22.2222222222222
2019-10-04,2019,"Comoros","Pomoni","Mrojou","Partially Restricted","-12.2440278",44.3556667,3,"Acanthuridae",9.27551271219128,8.57604699900122,4.95138304345624,2222.22222222222,2155.4410049746,1244.44444444444
2019-10-04,2019,"Comoros","Pomoni","Mrojou","Partially Restricted","-12.2440278",44.3556667,3,"Chaetodontidae",0.900243180501787,0.780114414940823,0.450399267464791,222.222222222222,192.450089729875,111.111111111111
2019-10-04,2019,"Comoros","Pomoni","Mrojou","Partially Restricted","-12.2440278",44.3556667,3,"Labridae",4.82745537660799,5.37187039158528,3.10145081663354,311.111111111111,277.555466595484,160.246723353955
2019-10-04,2019,"Comoros","Pomoni","Mrojou","Partially Restricted","-12.2440278",44.3556667,3,NA,6.90939857042188,3.70184651430467,2.13726208153248,377.777777777778,335.548197123144,193.728841935141
2019-10-04,2019,"Comoros","Pomoni","Mrojou","Partially Restricted","-12.2440278",44.3556667,3,"Mullidae",0.177126199805422,0.202923554542055,0.117157968839771,88.8888888888889,101.835015443463,58.7944735792131
2019-10-22,2019,"Comoros","Pomoni","Mnadzijou","Partially Restricted","-12.242777",44.3497222,3,"Acanthuridae",10.1019125692566,3.03177070677916,1.75039363368017,2666.66666666667,811.035004039763,468.251277904566
2019-10-22,2019,"Comoros","Pomoni","Mnadzijou","Partially Restricted","-12.242777",44.3497222,3,"Chaetodontidae",0.960410501083474,0.327891383465867,0.189308178508977,244.444444444444,76.9800358919501,44.4444444444445
2019-10-22,2019,"Comoros","Pomoni","Mnadzijou","Partially Restricted","-12.242777",44.3497222,3,"Labridae",3.42338724409816,5.55342738150122,3.20627279363477,488.888888888889,407.340061773852,235.177894316853
2019-10-22,2019,"Comoros","Pomoni","Mnadzijou","Partially Restricted","-12.242777",44.3497222,3,NA,5.23242020878289,2.03768944688229,1.17646055068235,466.666666666667,290.593262902712,167.774098561572
2019-10-22,2019,"Comoros","Pomoni","Mnadzijou","Partially Restricted","-12.242777",44.3497222,3,"Mullidae",0.177126199805422,0.076697894353647,0.0442815499513556,88.8888888888889,38.4900179459751,22.2222222222222
2019-10-22,2019,"Comoros","Pomoni","Mnadzijou","Partially Restricted","-12.242777",44.3497222,3,"Scarinae",1.61841864425639,2.64741242355719,1.5284842753967,44.4444444444444,38.4900179459751,22.2222222222222
2019-10-24,2019,"Comoros","Pomoni","Madjibaridi","Partially Restricted","-12.2433333",44.34805556,3,"Acanthuridae",19.8950379890431,25.6857737608638,14.8296883951785,2200,1682.59059521653,971.444133084195
2019-10-24,2019,"Comoros","Pomoni","Madjibaridi","Partially Restricted","-12.2433333",44.34805556,3,"Balistidae",0.0392965908609909,0.0680636919354831,0.039296590860991,22.2222222222222,38.4900179459751,22.2222222222222
2019-10-24,2019,"Comoros","Pomoni","Madjibaridi","Partially Restricted","-12.2433333",44.34805556,3,"Pomacanthidae",0.104758545555608,0.181447123429332,0.104758545555608,22.2222222222222,38.4900179459751,22.2222222222222
2019-10-24,2019,"Comoros","Pomoni","Madjibaridi","Partially Restricted","-12.2433333",44.34805556,3,"Chaetodontidae",1.39191499334505,0.559194142539844,0.322850888724641,355.555555555556,138.777733297742,80.1233616769775
2019-10-24,2019,"Comoros","Pomoni","Madjibaridi","Partially Restricted","-12.2433333",44.34805556,3,"Labridae",2.19293490743731,3.1865212981158,1.83973892924563,466.666666666667,115.470053837925,66.6666666666667
2019-10-24,2019,"Comoros","Pomoni","Madjibaridi","Partially Restricted","-12.2433333",44.34805556,3,NA,0.207948349480772,0.23012818546405,0.132864569825789,111.111111111111,138.777733297742,80.1233616769776
2019-10-24,2019,"Comoros","Pomoni","Madjibaridi","Partially Restricted","-12.2433333",44.34805556,3,"Mullidae",0.132844649854067,0,0,66.6666666666667,0,0
2019-11-04,2019,"Comoros","Pomoni","Dzindri Yantsini","Partially Restricted","-12.249128",44.350077,3,"Acanthuridae",49.3526344308082,22.7450494090144,13.1318603990258,3111.11111111111,1133.98673974872,654.707549451388
2019-11-04,2019,"Comoros","Pomoni","Dzindri Yantsini","Partially Restricted","-12.249128",44.350077,3,"Epinephelidae",0.0369064897154553,0.0639239153161868,0.0369064897154553,22.2222222222222,38.4900179459751,22.2222222222222
2019-11-04,2019,"Comoros","Pomoni","Dzindri Yantsini","Partially Restricted","-12.249128",44.350077,3,"Chaetodontidae",0.255667925941059,0.442829837595672,0.255667925941059,66.6666666666667,115.470053837925,66.6666666666667
2019-11-04,2019,"Comoros","Pomoni","Dzindri Yantsini","Partially Restricted","-12.249128",44.350077,3,"Labridae",10.9720674465969,12.3514350511319,7.13110435164916,1422.22222222222,101.835015443463,58.7944735792132
2019-11-04,2019,"Comoros","Pomoni","Dzindri Yantsini","Partially Restricted","-12.249128",44.350077,3,NA,3.51159870051449,5.7868890680726,3.34106196122222,222.222222222222,214.303350244288,123.728096951778
2019-11-04,2019,"Comoros","Pomoni","Dzindri Yantsini","Partially Restricted","-12.249128",44.350077,3,"Mullidae",0.0442815499513556,0.076697894353647,0.0442815499513556,22.2222222222222,38.4900179459751,22.2222222222222
2019-11-04,2019,"Comoros","Pomoni","Dzindri Yantsini","Partially Restricted","-12.249128",44.350077,3,"Scarinae",0.060556208615713,0.104886430036155,0.060556208615713,22.2222222222222,38.4900179459751,22.2222222222222
2019-11-06,2019,"Comoros","Pomoni","Mabamboni","Partially Restricted","-12.244921",44.329091,3,"Acanthuridae",14.5138240083722,5.03265893860422,2.90560699294272,3844.44444444444,566.993369874359,327.353774725694
2019-11-06,2019,"Comoros","Pomoni","Mabamboni","Partially Restricted","-12.244921",44.329091,3,"Chaetodontidae",1.64292565367914,0.632112370475749,0.364950247252266,422.222222222222,138.777733297742,80.1233616769776
2019-11-06,2019,"Comoros","Pomoni","Mabamboni","Partially Restricted","-12.244921",44.329091,3,"Labridae",1.40655197613113,0.970076393570954,0.560073866962691,777.777777777778,138.777733297742,80.1233616769775
2019-11-06,2019,"Comoros","Pomoni","Mabamboni","Partially Restricted","-12.244921",44.329091,3,NA,1.64292705089516,1.68500482739138,0.972837990680235,333.333333333333,405.517502019881,234.125638952283
2019-11-06,2019,"Comoros","Pomoni","Mabamboni","Partially Restricted","-12.244921",44.329091,3,"Mullidae",0.0442815499513556,0.076697894353647,0.0442815499513556,22.2222222222222,38.4900179459751,22.2222222222222
2019-11-06,2019,"Comoros","Pomoni","Mabamboni","Partially Restricted","-12.244921",44.329091,3,"Scarinae",0.060556208615713,0.104886430036155,0.060556208615713,22.2222222222222,38.4900179459751,22.2222222222222
2019-12-05,2019,"Comoros","Pomoni","Hamare_01","Partially Restricted","-12.240493",44.334006,3,"Acanthuridae",16.3518206735432,18.2181653473754,10.5182626674483,2355.55555555556,1147.62234077114,662.580067372248
2019-12-05,2019,"Comoros","Pomoni","Hamare_01","Partially Restricted","-12.240493",44.334006,3,"Chaetodontidae",0.716192895601355,0.801836230574734,0.462940363568318,177.777777777778,203.670030886926,117.588947158426
2019-12-05,2019,"Comoros","Pomoni","Hamare_01","Partially Restricted","-12.240493",44.334006,3,"Labridae",4.84318104741658,5.15534620901419,2.97644052154006,444.444444444444,153.9600717839,88.8888888888889
2019-12-05,2019,"Comoros","Pomoni","Hamare_01","Partially Restricted","-12.240493",44.334006,3,NA,6.07189148491897,4.72945364739456,2.7305513364431,466.666666666667,352.766841475279,203.670030886926
2019-12-05,2019,"Comoros","Pomoni","Hamare_01","Partially Restricted","-12.240493",44.334006,3,"Mullidae",0.132844649854067,0.230093683060941,0.132844649854067,66.6666666666667,115.470053837925,66.6666666666667
2019-12-05,2019,"Comoros","Pomoni","Hamare_01","Partially Restricted","-12.240493",44.334006,3,"Scarinae",1.55786243564068,2.69829688973266,1.55786243564068,22.2222222222222,38.4900179459751,22.2222222222222
2020-04-02,2020,"Comoros","Pomoni","Hamare_02","Partially Restricted","-12.241253",44.333174,3,"Acanthuridae",47.7155708398741,10.6710380230269,6.16092667512729,2711.11111111111,69.3888666488711,40.0616808384888
2020-04-02,2020,"Comoros","Pomoni","Hamare_02","Partially Restricted","-12.241253",44.333174,3,"Pomacanthidae",1.07333333333333,1.85906786679059,1.07333333333333,22.2222222222222,38.4900179459751,22.2222222222222
2020-04-02,2020,"Comoros","Pomoni","Hamare_02","Partially Restricted","-12.241253",44.333174,3,"Epinephelidae",0.546562690359827,0.899157565332325,0.519128862388507,22.2222222222222,19.2450089729875,11.1111111111111
2020-04-02,2020,"Comoros","Pomoni","Hamare_02","Partially Restricted","-12.241253",44.333174,3,"Chaetodontidae",3.09035789438149,2.91553199448167,1.68328318184496,311.111111111111,424.700330080364,245.200849896821
2020-04-02,2020,"Comoros","Pomoni","Hamare_02","Partially Restricted","-12.241253",44.333174,3,"Labridae",2.93576405906152,3.08516466280374,1.78122064856406,588.888888888889,171.053381314896,98.757715747951
2020-04-02,2020,"Comoros","Pomoni","Hamare_02","Partially Restricted","-12.241253",44.333174,3,NA,35.7612413600818,56.9620164375171,32.8870355237844,377.777777777778,38.4900179459751,22.2222222222222
2020-04-02,2020,"Comoros","Pomoni","Hamare_02","Partially Restricted","-12.241253",44.333174,3,"Scarinae",0.0302781043078565,0.0524432150180775,0.0302781043078565,11.1111111111111,19.2450089729875,11.1111111111111
2020-04-14,2020,"Comoros","Pomoni","Mrojou","Partially Restricted","-12.2440278",44.3556667,3,"Acanthuridae",36.1039289337305,13.488983719607,7.7878683816096,6377.77777777778,1433.46252647735,827.609975534937
2020-04-14,2020,"Comoros","Pomoni","Mrojou","Partially Restricted","-12.2440278",44.3556667,3,"Epinephelidae",0.54539423213579,0.944650520214203,0.54539423213579,22.2222222222222,38.4900179459751,22.2222222222222
2020-04-14,2020,"Comoros","Pomoni","Mrojou","Partially Restricted","-12.2440278",44.3556667,3,"Chaetodontidae",2.24343996955374,1.9792980244061,1.14274824719736,311.111111111111,50.9175077217315,29.3972367896065
2020-04-14,2020,"Comoros","Pomoni","Mrojou","Partially Restricted","-12.2440278",44.3556667,3,"Labridae",3.29100388450158,2.67059109509363,1.54186648764773,533.333333333333,384.418753155693,221.94427061598
2020-04-14,2020,"Comoros","Pomoni","Mrojou","Partially Restricted","-12.2440278",44.3556667,3,NA,5.67032034927228,5.05129062189983,2.9163640003089,211.111111111111,69.3888666488711,40.0616808384888
2020-04-14,2020,"Comoros","Pomoni","Mrojou","Partially Restricted","-12.2440278",44.3556667,3,"Mullidae",0.0221407749756778,0.0383489471768235,0.0221407749756778,11.1111111111111,19.2450089729875,11.1111111111111
2020-04-14,2020,"Comoros","Pomoni","Mabamboni","Partially Restricted","-12.244921",44.329091,3,"Acanthuridae",26.2077257765656,11.9944488937888,6.92499829761017,5533.33333333333,569.600249687835,328.85885748775
2020-04-14,2020,"Comoros","Pomoni","Mabamboni","Partially Restricted","-12.244921",44.329091,3,"Epinephelidae",4.33559503316316,4.84020301846905,2.79449251564555,155.555555555556,101.835015443463,58.7944735792131
2020-04-14,2020,"Comoros","Pomoni","Mabamboni","Partially Restricted","-12.244921",44.329091,3,"Chaetodontidae",3.46461299135597,0.335412735811212,0.193650633310232,844.444444444444,101.835015443463,58.7944735792131
2020-04-14,2020,"Comoros","Pomoni","Mabamboni","Partially Restricted","-12.244921",44.329091,3,"Labridae",20.1097714500982,1.64383668311463,0.949069551500012,1244.44444444444,101.835015443463,58.7944735792131
2020-04-14,2020,"Comoros","Pomoni","Mabamboni","Partially Restricted","-12.244921",44.329091,3,NA,4.73589769258573,1.93091507167674,1.11481433641487,288.888888888889,138.777733297742,80.1233616769776
2020-04-14,2020,"Comoros","Pomoni","Mabamboni","Partially Restricted","-12.244921",44.329091,3,"Mullidae",1.53679110748695,2.20561717399248,1.27341366913382,200,133.333333333333,76.9800358919501
2020-04-14,2020,"Comoros","Pomoni","Mabamboni","Partially Restricted","-12.244921",44.329091,3,"Scarinae",7.97098080405055,13.6491163463891,7.88032099678828,177.777777777778,252.395926480012,145.7208560956
2020-04-15,2020,"Comoros","Pomoni","Madjibaridi","Partially Restricted","-12.2433333",44.34805556,3,"Acanthuridae",18.570815409213,5.6550319380311,3.26493421169819,4877.77777777778,798.841754134164,461.211501789272
2020-04-15,2020,"Comoros","Pomoni","Madjibaridi","Partially Restricted","-12.2433333",44.34805556,3,"Epinephelidae",0.0738129794309106,0.0845633913780916,0.0488226967757288,44.4444444444444,50.9175077217316,29.3972367896066
2020-04-15,2020,"Comoros","Pomoni","Madjibaridi","Partially Restricted","-12.2433333",44.34805556,3,"Chaetodontidae",2.47107330430017,1.19688334432191,0.691020921032832,644.444444444444,320.300784564435,184.925744189925
2020-04-15,2020,"Comoros","Pomoni","Madjibaridi","Partially Restricted","-12.2433333",44.34805556,3,"Labridae",1.73389369809614,1.94509508688359,1.12300117201166,377.777777777778,164.429428743875,94.9333749479726
2020-04-15,2020,"Comoros","Pomoni","Madjibaridi","Partially Restricted","-12.2433333",44.34805556,3,NA,1.19064988679064,0.707999949185122,0.408763961248271,644.444444444445,346.944333244356,200.308404192444
2020-04-15,2020,"Comoros","Pomoni","Madjibaridi","Partially Restricted","-12.2433333",44.34805556,3,"Mullidae",0.0221407749756778,0.0383489471768235,0.0221407749756778,11.1111111111111,19.2450089729875,11.1111111111111
2020-04-15,2020,"Comoros","Pomoni","Hamare_01","Partially Restricted","-12.240493",44.334006,3,"Acanthuridae",9.50103744894424,5.13710683395335,2.96591001343883,2444.44444444444,967.4326467129,558.547499002525
2020-04-15,2020,"Comoros","Pomoni","Hamare_01","Partially Restricted","-12.240493",44.334006,3,"Epinephelidae",0.129172714004094,0.0639239153161868,0.0369064897154553,77.7777777777778,38.490017945975,22.2222222222222
2020-04-15,2020,"Comoros","Pomoni","Hamare_01","Partially Restricted","-12.240493",44.334006,3,"Chaetodontidae",1.15669039967874,0.52655025719718,0.304003932734659,288.888888888889,134.715062810913,77.7777777777778
2020-04-15,2020,"Comoros","Pomoni","Hamare_01","Partially Restricted","-12.240493",44.334006,3,"Labridae",5.30786259590723,3.45204479734976,1.99303899300453,577.777777777778,300.616650188193,173.561103909037
2020-04-15,2020,"Comoros","Pomoni","Hamare_01","Partially Restricted","-12.240493",44.334006,3,NA,0.443674498595497,0.318103313642654,0.183657033761698,244.444444444444,164.429428743875,94.9333749479726
2020-04-15,2020,"Comoros","Pomoni","Hamare_01","Partially Restricted","-12.240493",44.334006,3,"Lethrinidae",0.0245588008832041,0.0425370909026769,0.0245588008832041,11.1111111111111,19.2450089729875,11.1111111111111
2020-04-15,2020,"Comoros","Pomoni","Hamare_01","Partially Restricted","-12.240493",44.334006,3,"Mullidae",1.53679110748695,1.23617634095464,0.713706743216008,200,233.333333333333,134.715062810913
2020-04-15,2020,"Comoros","Pomoni","Hamare_01","Partially Restricted","-12.240493",44.334006,3,"Scarinae",0.211946730154995,0.189086700797862,0.109169257605824,77.7777777777778,69.3888666488711,40.0616808384888
2020-04-17,2020,"Comoros","Pomoni","Mnadzijou","Partially Restricted","-12.242777",44.3497222,3,"Acanthuridae",23.2943032692429,6.2177695154719,3.58983090351675,6488.88888888889,1652.38323955745,954.003908162919
2020-04-17,2020,"Comoros","Pomoni","Mnadzijou","Partially Restricted","-12.242777",44.3497222,3,"Chaetodontidae",1.84008417649647,0.709441070249044,0.409595992882462,466.666666666667,176.383420737639,101.835015443463
2020-04-17,2020,"Comoros","Pomoni","Mnadzijou","Partially Restricted","-12.242777",44.3497222,3,"Labridae",1.88860648668995,2.92889347834483,1.69099743815013,333.333333333333,352.766841475279,203.670030886926
2020-04-17,2020,"Comoros","Pomoni","Mnadzijou","Partially Restricted","-12.242777",44.3497222,3,NA,1.49724326831735,1.84153159571882,1.06320876250946,266.666666666667,200,115.470053837925
2020-04-17,2020,"Comoros","Pomoni","Mnadzijou","Partially Restricted","-12.242777",44.3497222,3,"Mullidae",3.59189767357968,6.22134926622845,3.59189767357968,88.8888888888889,153.9600717839,88.8888888888889
2020-04-17,2020,"Comoros","Pomoni","Mnadzijou","Partially Restricted","-12.242777",44.3497222,3,"Scarinae",8.93988014190195,12.825493643738,7.40480220770199,533.333333333333,240.370085030933,138.777733297742
2020-04-17,2020,"Comoros","Pomoni","Dzindri Yantsini","Partially Restricted","-12.249128",44.350077,3,"Acanthuridae",74.1536620078495,21.7487135647509,12.556625631137,3455.55555555556,767.632242196261,443.192681670647
2020-04-17,2020,"Comoros","Pomoni","Dzindri Yantsini","Partially Restricted","-12.249128",44.350077,3,"Chaetodontidae",3.07812262914083,3.27048308401366,1.88821428893541,311.111111111111,50.9175077217316,29.3972367896066
2020-04-17,2020,"Comoros","Pomoni","Dzindri Yantsini","Partially Restricted","-12.249128",44.350077,3,"Labridae",8.77034549964204,4.03538742520093,2.32983201622419,900,152.752523165195,88.1917103688197
2020-04-17,2020,"Comoros","Pomoni","Dzindri Yantsini","Partially Restricted","-12.249128",44.350077,3,NA,4.67304890876232,6.34950702518498,3.66588959021197,244.444444444444,171.053381314896,98.757715747951
2020-04-17,2020,"Comoros","Pomoni","Dzindri Yantsini","Partially Restricted","-12.249128",44.350077,3,"Mullidae",0.0442815499513556,0.0383489471768235,0.0221407749756778,22.2222222222222,19.2450089729875,11.1111111111111
2020-04-17,2020,"Comoros","Pomoni","Dzindri Yantsini","Partially Restricted","-12.249128",44.350077,3,"Scarinae",4.73414351553776,2.38235511954315,1.37545336957352,88.8888888888889,50.9175077217316,29.3972367896066
2021-03-18,2021,"Comoros","Pomoni","Madjibaridi","Partially Restricted","-12.2433333",44.34805556,3,"Acanthuridae",46.7481270394103,62.782954196083,36.2477555056285,4200,2218.85856541902,1281.05859003838
2021-03-18,2021,"Comoros","Pomoni","Madjibaridi","Partially Restricted","-12.2433333",44.34805556,3,"Epinephelidae",2.74033254984478,4.74639520596594,2.74033254984478,66.6666666666667,115.470053837925,66.6666666666667
2021-03-18,2021,"Comoros","Pomoni","Madjibaridi","Partially Restricted","-12.2433333",44.34805556,3,"Chaetodontidae",2.32601015473546,2.47872464838886,1.43109234299427,600,648.930744464393,374.660340001941
2021-03-18,2021,"Comoros","Pomoni","Madjibaridi","Partially Restricted","-12.2433333",44.34805556,3,"Labridae",3.82470596405837,6.32033980288834,3.64904988656749,466.666666666667,470.22453265553,271.484260508236
2021-03-18,2021,"Comoros","Pomoni","Madjibaridi","Partially Restricted","-12.2433333",44.34805556,3,NA,5.6587710115165,3.81023015386976,2.19983740501113,766.666666666667,251.661147842358,145.296631451356
2021-03-18,2021,"Comoros","Pomoni","Madjibaridi","Partially Restricted","-12.2433333",44.34805556,3,"Mullidae",0.701973228816442,0.933568028442511,0.538995752528112,66.6666666666667,57.7350269189626,33.3333333333333
2021-03-19,2021,"Comoros","Pomoni","Hamare_01","Partially Restricted","-12.240493",44.334006,3,"Acanthuridae",9.03365825904848,3.26895335681509,1.88733110052553,2533.33333333333,868.587614719692,501.479293173189
2021-03-19,2021,"Comoros","Pomoni","Hamare_01","Partially Restricted","-12.240493",44.334006,3,"Epinephelidae",1.1885669249191,0.937563676127954,0.541302640794889,77.7777777777778,19.2450089729875,11.1111111111111
2021-03-19,2021,"Comoros","Pomoni","Hamare_01","Partially Restricted","-12.240493",44.334006,3,"Chaetodontidae",1.51002245613477,0.84932180832777,0.490356174666658,366.666666666667,218.5812841434,126.197963240006
2021-03-19,2021,"Comoros","Pomoni","Hamare_01","Partially Restricted","-12.240493",44.334006,3,"Labridae",3.995101541931,1.99461617969089,1.15159218827452,477.777777777778,221.94427061598,128.139584385231
2021-03-19,2021,"Comoros","Pomoni","Hamare_01","Partially Restricted","-12.240493",44.334006,3,NA,5.8899527089563,4.64289097852956,2.68057435627213,1222.22222222222,877.074260971817,506.379060671371
2021-03-19,2021,"Comoros","Pomoni","Hamare_01","Partially Restricted","-12.240493",44.334006,3,"Mullidae",1.89757507750304,0.705216135267525,0.407156725533573,666.666666666667,152.752523165195,88.1917103688197
2021-03-19,2021,"Comoros","Pomoni","Hamare_01","Partially Restricted","-12.240493",44.334006,3,"Scarinae",1.80008727010353,1.24757317779501,0.720286710033707,111.111111111111,38.4900179459751,22.2222222222222
2021-03-22,2021,"Comoros","Pomoni","Mrojou","Partially Restricted","-12.2440278",44.3556667,3,"Acanthuridae",75.9413561493999,49.8299231911646,28.7693195681173,12533.3333333333,4697.16226389225,2711.90789748554
2021-03-22,2021,"Comoros","Pomoni","Mrojou","Partially Restricted","-12.2440278",44.3556667,3,"Epinephelidae",3.47907601277992,4.57401944668422,2.64081135882172,33.3333333333333,0,0
2021-03-22,2021,"Comoros","Pomoni","Mrojou","Partially Restricted","-12.2440278",44.3556667,3,"Chaetodontidae",4.54662982155974,3.01884518633639,1.74293108097312,411.111111111111,134.715062810913,77.7777777777778
2021-03-22,2021,"Comoros","Pomoni","Mrojou","Partially Restricted","-12.2440278",44.3556667,3,"Labridae",1.84647054049765,2.08105653550123,1.20149855097047,333.333333333333,88.1917103688197,50.9175077217315
2021-03-22,2021,"Comoros","Pomoni","Mrojou","Partially Restricted","-12.2440278",44.3556667,3,NA,8.88298851633898,3.89969255994163,2.25148854923908,1088.88888888889,846.780394811451,488.888888888889
2021-03-22,2021,"Comoros","Pomoni","Mrojou","Partially Restricted","-12.2440278",44.3556667,3,"Mullidae",0.0221407749756778,0.0383489471768235,0.0221407749756778,11.1111111111111,19.2450089729875,11.1111111111111
2021-03-22,2021,"Comoros","Pomoni","Mabamboni","Partially Restricted","-12.244921",44.329091,3,"Acanthuridae",93.8598528060034,64.6009300084795,37.2973643302958,6022.22222222222,1809.03084346083,1044.44444444444
2021-03-22,2021,"Comoros","Pomoni","Mabamboni","Partially Restricted","-12.244921",44.329091,3,"Pomacanthidae",0.314275636666824,0.157137818333412,0.0907235617146658,66.6666666666667,33.3333333333333,19.2450089729875
2021-03-22,2021,"Comoros","Pomoni","Mabamboni","Partially Restricted","-12.244921",44.329091,3,"Epinephelidae",7.59150779690089,7.53675803764203,4.3513492818497,66.6666666666667,66.6666666666667,38.4900179459751
2021-03-22,2021,"Comoros","Pomoni","Mabamboni","Partially Restricted","-12.244921",44.329091,3,"Chaetodontidae",2.64791352355792,1.35496942795234,0.782291963971995,644.444444444444,323.751161874077,186.917820458452
2021-03-22,2021,"Comoros","Pomoni","Mabamboni","Partially Restricted","-12.244921",44.329091,3,"Labridae",13.4306351643389,11.0681833975776,6.39021866403159,833.333333333333,433.333333333333,250.185116648838
2021-03-22,2021,"Comoros","Pomoni","Mabamboni","Partially Restricted","-12.244921",44.329091,3,NA,10.2619921805416,14.6396298173915,8.45219421590745,666.666666666667,417.665469538056,241.139271269008
2021-03-22,2021,"Comoros","Pomoni","Mabamboni","Partially Restricted","-12.244921",44.329091,3,"Mullidae",1.01847564888118,0.86434137282787,0.499027724273901,511.111111111111,433.760473243181,250.43172599077
2021-03-22,2021,"Comoros","Pomoni","Mabamboni","Partially Restricted","-12.244921",44.329091,3,"Scarinae",10.7294320655097,18.4268157123361,10.6387270118249,88.8888888888889,101.835015443463,58.7944735792131
2021-04-08,2021,"Comoros","Pomoni","Dzindri Yantsini","Partially Restricted","-12.249128",44.350077,3,"Acanthuridae",218.051032015673,17.1802491053079,9.91902144569437,7366.66666666667,1083.71788046726,625.684810013382
2021-04-08,2021,"Comoros","Pomoni","Dzindri Yantsini","Partially Restricted","-12.249128",44.350077,3,"Pomacanthidae",0.0523792727778039,0.0907235617146658,0.0523792727778039,11.1111111111111,19.2450089729875,11.1111111111111
2021-04-08,2021,"Comoros","Pomoni","Dzindri Yantsini","Partially Restricted","-12.249128",44.350077,3,"Epinephelidae",3.68533835408141,4.97776475949914,2.87391382385946,55.5555555555556,69.3888666488711,40.0616808384888
2021-04-08,2021,"Comoros","Pomoni","Dzindri Yantsini","Partially Restricted","-12.249128",44.350077,3,"Chaetodontidae",4.9901695304581,3.90434469080038,2.25417445824268,333.333333333333,218.5812841434,126.197963240006
2021-04-08,2021,"Comoros","Pomoni","Dzindri Yantsini","Partially Restricted","-12.249128",44.350077,3,"Labridae",8.6919559228517,3.00984462612947,1.7377346051148,1077.77777777778,252.395926480012,145.7208560956
2021-04-08,2021,"Comoros","Pomoni","Dzindri Yantsini","Partially Restricted","-12.249128",44.350077,3,NA,6.16030346069106,5.59915753376775,3.23267510935593,466.666666666667,260.341655863555,150.308325094096
2021-04-08,2021,"Comoros","Pomoni","Dzindri Yantsini","Partially Restricted","-12.249128",44.350077,3,"Mullidae",1.27110180777882,1.0438115124941,0.602644857721696,66.6666666666667,33.3333333333333,19.2450089729875
2021-04-08,2021,"Comoros","Pomoni","Dzindri Yantsini","Partially Restricted","-12.249128",44.350077,3,"Scarinae",2.33679365346102,0,0,33.3333333333333,0,0
2021-04-12,2021,"Comoros","Pomoni","Hamare_02","Partially Restricted","-12.241253",44.333174,3,"Acanthuridae",91.5932851689135,43.5753922036181,25.1582644188025,3811.11111111111,1007.93150854903,581.929527785489
2021-04-12,2021,"Comoros","Pomoni","Hamare_02","Partially Restricted","-12.241253",44.333174,3,"Pomacanthidae",5.90289905775528,10.1246914364448,5.84549332629331,44.4444444444444,50.9175077217316,29.3972367896066
2021-04-12,2021,"Comoros","Pomoni","Hamare_02","Partially Restricted","-12.241253",44.333174,3,"Epinephelidae",2.78779435714279,2.45019838873215,1.41462269930249,122.222222222222,69.3888666488711,40.0616808384888
2021-04-12,2021,"Comoros","Pomoni","Hamare_02","Partially Restricted","-12.241253",44.333174,3,"Chaetodontidae",1.1817886572,0.621690645635802,0.358933261610502,333.333333333333,145.296631451356,83.8870492807861
2021-04-12,2021,"Comoros","Pomoni","Hamare_02","Partially Restricted","-12.241253",44.333174,3,"Labridae",14.2511963003379,5.99172984262618,3.45932683755174,788.888888888889,291.229831601803,168.141621671351
2021-04-12,2021,"Comoros","Pomoni","Hamare_02","Partially Restricted","-12.241253",44.333174,3,NA,7.68827661840526,3.8235606944975,2.20753379623101,377.777777777778,171.053381314896,98.757715747951
2021-04-12,2021,"Comoros","Pomoni","Hamare_02","Partially Restricted","-12.241253",44.333174,3,"Lutjanidae",1.155,2.00051868274205,1.155,11.1111111111111,19.2450089729875,11.1111111111111
2021-12-13,2021,"Comoros","Moya","Mpoundri","Partially restricted","-12.303833",44.429467,3,"Acanthuridae",284.515040881395,236.598637544208,96.590989303502,3677.77777777778,1823.02150492182,744.245412863191
2021-12-13,2021,"Comoros","Moya","Mpoundri","Partially restricted","-12.303833",44.429467,3,"Epinephelidae",7.17778675807717,7.77964537507965,3.17602692479137,66.6666666666667,59.6284793999944,24.3432247780074
2021-12-13,2021,"Comoros","Moya","Mpoundri","Partially restricted","-12.303833",44.429467,3,"Chaetodontidae",8.63574608817234,20.609482376396,8.41378594750877,133.333333333333,202.210011841375,82.5518916489187
2021-12-13,2021,"Comoros","Moya","Mpoundri","Partially restricted","-12.303833",44.429467,3,"Labridae",26.8522462264783,18.1033270685761,7.39065232745436,977.777777777778,339.061886626856,138.421435576866
2021-12-13,2021,"Comoros","Moya","Mpoundri","Partially restricted","-12.303833",44.429467,3,NA,7.53071035994521,6.78683013711172,2.77071180114448,333.333333333333,269.979423084221,110.218637934553
2021-12-13,2021,"Comoros","Moya","Mpoundri","Partially restricted","-12.303833",44.429467,3,"Mullidae",0.0885630999027112,0.216934404800773,0.0885630999027112,44.4444444444444,108.866210790363,44.4444444444444
2021-12-13,2021,"Comoros","Moya","Mpoundri","Partially restricted","-12.303833",44.429467,3,"Scarinae",18.8079208031905,28.7430511920608,11.7343015118741,122.222222222222,142.465070442885,58.1611214591218
2021-12-15,2021,"Comoros","Moya","Plage Moya","Partially restricted","-12.309783",44.430883,3,"Acanthuridae",374.76885591685,155.600870970608,69.5868249696905,4986.66666666667,1175.11228777887,525.526191333769
2021-12-15,2021,"Comoros","Moya","Plage Moya","Partially restricted","-12.309783",44.430883,3,"Pomacanthidae",0.125710254666729,0.172135855476717,0.0769814948422037,26.6666666666667,36.5148371670111,16.3299316185545
2021-12-15,2021,"Comoros","Moya","Plage Moya","Partially restricted","-12.309783",44.430883,3,"Epinephelidae",23.6046719927511,23.8732023954211,10.6764206793545,106.666666666667,89.4427190999916,40
2021-12-15,2021,"Comoros","Moya","Plage Moya","Partially restricted","-12.309783",44.430883,3,"Chaetodontidae",1.97778246817436,2.53556431139591,1.13393883232074,226.666666666667,89.4427190999916,40
2021-12-15,2021,"Comoros","Moya","Plage Moya","Partially restricted","-12.309783",44.430883,3,"Labridae",27.6182941966787,14.2598210536198,6.37718584457532,800,262.466929133727,117.378779077727
2021-12-15,2021,"Comoros","Moya","Plage Moya","Partially restricted","-12.309783",44.430883,3,NA,34.1253834905688,27.4587918562054,12.2799450340986,1080,617.1619632551,276.003220593126
2021-12-15,2021,"Comoros","Moya","Plage Moya","Partially restricted","-12.309783",44.430883,3,"Mullidae",0.106275719883253,0.111145808271814,0.0497059165419867,53.3333333333333,55.7773351022717,24.9443825784929
2021-12-15,2021,"Comoros","Moya","Plage Moya","Partially restricted","-12.309783",44.430883,3,"Scarinae",17.403570884856,23.7608887439702,10.6261924874654,120,165.998661306516,74.236858171067
2021-12-16,2021,"Comoros","Moya","Mutsa Muhune","Partially restricted","-12.318533",44.441917,3,"Acanthuridae",439.633115707885,175.471346036785,101.308428869404,5444.44444444444,1500.12345171001,866.096678662448
2021-12-16,2021,"Comoros","Moya","Mutsa Muhune","Partially restricted","-12.318533",44.441917,3,"Epinephelidae",3.33365774441379,3.29318261648581,1.90131987011868,66.6666666666667,66.6666666666667,38.4900179459751
2021-12-16,2021,"Comoros","Moya","Mutsa Muhune","Partially restricted","-12.318533",44.441917,3,"Chaetodontidae",0.657085663737157,0.426848051936374,0.246440837688533,155.555555555556,101.835015443463,58.7944735792131
2021-12-16,2021,"Comoros","Moya","Mutsa Muhune","Partially restricted","-12.318533",44.441917,3,"Labridae",38.8727994155793,11.398565193243,6.58096468269433,1177.77777777778,203.670030886926,117.588947158426
2021-12-16,2021,"Comoros","Moya","Mutsa Muhune","Partially restricted","-12.318533",44.441917,3,NA,28.8918300537689,14.7888745693125,8.5383607136042,1266.66666666667,200,115.470053837925
2021-12-16,2021,"Comoros","Moya","Mutsa Muhune","Partially restricted","-12.318533",44.441917,3,"Mullidae",6.76220465243684,8.56865887218632,4.94711750645085,111.111111111111,38.4900179459751,22.2222222222222
2021-12-16,2021,"Comoros","Moya","Mutsa Muhune","Partially restricted","-12.318533",44.441917,3,"Scarinae",78.2868518754276,74.3070580685793,42.9011999785834,511.111111111111,472.973258973172,273.071238387656
2021-12-16,2021,"Comoros","Moya","Nkohani Shindrini","Partially restricted","-12.318067",44.448317,3,"Acanthuridae",508.903600016695,142.378285620225,82.2021415295945,6333.33333333333,1266.66666666667,731.310340973526
2021-12-16,2021,"Comoros","Moya","Nkohani Shindrini","Partially restricted","-12.318067",44.448317,3,"Pomacanthidae",0.942826910000471,0.942826910000471,0.544341370287995,200,200,115.470053837925
2021-12-16,2021,"Comoros","Moya","Nkohani Shindrini","Partially restricted","-12.318067",44.448317,3,"Epinephelidae",4.30737609971739,1.76232748924264,1.01748025031451,88.8888888888889,38.4900179459751,22.2222222222222
2021-12-16,2021,"Comoros","Moya","Nkohani Shindrini","Partially restricted","-12.318067",44.448317,3,"Chaetodontidae",21.6956928457125,27.2601442136446,15.7386515998957,355.555555555556,407.340061773852,235.177894316853
2021-12-16,2021,"Comoros","Moya","Nkohani Shindrini","Partially restricted","-12.318067",44.448317,3,"Labridae",17.6643830408266,15.4240768994207,8.90509494988203,955.555555555556,167.774098561572,96.8644209675706
2021-12-16,2021,"Comoros","Moya","Nkohani Shindrini","Partially restricted","-12.318067",44.448317,3,NA,32.9579436091132,12.5333162651607,7.23611351952922,777.777777777778,153.9600717839,88.8888888888889
2021-12-16,2021,"Comoros","Moya","Nkohani Shindrini","Partially restricted","-12.318067",44.448317,3,"Mullidae",0.0442815499513556,0.076697894353647,0.0442815499513556,22.2222222222222,38.4900179459751,22.2222222222222
2021-12-16,2021,"Comoros","Moya","Nkohani Shindrini","Partially restricted","-12.318067",44.448317,3,"Scarinae",14.0207619207661,20.3716947746876,11.7616034620148,200,290.593262902712,167.774098561572
2022-06-01,2022,"Comoros","Pomoni","Hamare_01","Partially Restricted","-12.240493",44.334006,5,"Acanthuridae",133.846410209352,147.673155272069,66.0414427280457,4420,2578.64305401116,1153.20423169532
2022-06-01,2022,"Comoros","Pomoni","Hamare_01","Partially Restricted","-12.240493",44.334006,5,"Pomacanthidae",0.33874858200469,0.705940721486171,0.315706288265665,8,10.9544511501033,4.89897948556636
2022-06-01,2022,"Comoros","Pomoni","Hamare_01","Partially Restricted","-12.240493",44.334006,5,"Epinephelidae",3.64801362093107,1.63002982025972,0.7289714966905,92,30.3315017762062,13.5646599662505
2022-06-01,2022,"Comoros","Pomoni","Hamare_01","Partially Restricted","-12.240493",44.334006,5,"Chaetodontidae",9.00019444043641,8.32756367421808,3.72419969250191,356,151.261363209512,67.6461381011511
2022-06-01,2022,"Comoros","Pomoni","Hamare_01","Partially Restricted","-12.240493",44.334006,5,"Labridae",16.2288530814627,16.4415239835143,7.3528730561662,624,210.428135001002,94.1063228481487
2022-06-01,2022,"Comoros","Pomoni","Hamare_01","Partially Restricted","-12.240493",44.334006,5,NA,12.7741480488128,8.10188214849395,3.6232718459449,668,271.145717281317,121.260051129793
2022-06-01,2022,"Comoros","Pomoni","Hamare_01","Partially Restricted","-12.240493",44.334006,5,"Lethrinidae",1.21630479565977,2.71974020445424,1.21630479565977,4,8.94427190999916,4
2022-06-01,2022,"Comoros","Pomoni","Hamare_01","Partially Restricted","-12.240493",44.334006,5,"Mullidae",1.59361759881007,1.3476818920535,0.602701664535433,80,104.880884817015,46.9041575982343
2022-06-01,2022,"Comoros","Pomoni","Hamare_01","Partially Restricted","-12.240493",44.334006,5,"Scarinae",11.1274988000161,7.09910618128794,3.17481680016976,160,81.2403840463596,36.3318042491699
2022-06-01,2022,"Comoros","Pomoni","Hamare_01","Partially Restricted","-12.240493",44.334006,5,"Siganidae",0.544772153330533,1.21814756709601,0.544772153330533,8,17.8885438199983,8
2022-06-15,2022,"Comoros","Pomoni","Hamare_02","Partially Restricted","-12.241253",44.333174,5,"Acanthuridae",282.583925554196,98.6435095820125,44.1147185929064,6708,2295.23854969369,1026.46188433862
2022-06-15,2022,"Comoros","Pomoni","Hamare_02","Partially Restricted","-12.241253",44.333174,5,"Pomacanthidae",1.68523823783195,1.50945486475567,0.675048737312287,68,22.8035085019828,10.1980390271856
2022-06-15,2022,"Comoros","Pomoni","Hamare_02","Partially Restricted","-12.241253",44.333174,5,"Epinephelidae",2.86336839686277,2.67675415549992,1.19708085015057,52,59.3295878967653,26.5329983228432
2022-06-15,2022,"Comoros","Pomoni","Hamare_02","Partially Restricted","-12.241253",44.333174,5,"Chaetodontidae",26.7029564561073,5.54509064144256,2.4798399231327,728,182.537667345674,81.6333265278342
2022-06-15,2022,"Comoros","Pomoni","Hamare_02","Partially Restricted","-12.241253",44.333174,5,"Labridae",18.7749859532727,9.42236532650879,4.21380987578213,920,353.553390593274,158.113883008419
2022-06-15,2022,"Comoros","Pomoni","Hamare_02","Partially Restricted","-12.241253",44.333174,5,NA,104.76942346346,81.2696885630164,36.3449096274284,1640,633.876959669619,283.478394238432
2022-06-15,2022,"Comoros","Pomoni","Hamare_02","Partially Restricted","-12.241253",44.333174,5,"Lutjanidae",88.5326912422492,154.3159870316,69.0122074035265,332,427.22359485403,191.060199937088
2022-06-15,2022,"Comoros","Pomoni","Hamare_02","Partially Restricted","-12.241253",44.333174,5,"Mullidae",0.441655292817886,0.987571257363369,0.441655292817886,16,35.7770876399966,16
2022-06-15,2022,"Comoros","Pomoni","Hamare_02","Partially Restricted","-12.241253",44.333174,5,"Scarinae",18.6493372817308,36.2740176651683,16.2222338632689,80,104.880884817015,46.9041575982343
2022-06-15,2022,"Comoros","Pomoni","Hamare_02","Partially Restricted","-12.241253",44.333174,5,"Siganidae",15.0754757127463,32.9537235524578,14.7373531950063,80,167.928556237467,75.0999334220744
2022-06-16,2022,"Comoros","Pomoni","Dzindri Yantsini","Partially Restricted","-12.249128",44.350077,5,"Acanthuridae",209.195902388539,131.150955545633,58.6524903828177,4644,935.884608271768,418.540320638287
2022-06-16,2022,"Comoros","Pomoni","Dzindri Yantsini","Partially Restricted","-12.249128",44.350077,5,"Pomacanthidae",0.0188565382000094,0.0421645012355426,0.0188565382000094,4,8.94427190999916,4
2022-06-16,2022,"Comoros","Pomoni","Dzindri Yantsini","Partially Restricted","-12.249128",44.350077,5,"Epinephelidae",3.26666422232771,3.92893041547692,1.75707109757458,56,58.9915248150105,26.3818119165458
2022-06-16,2022,"Comoros","Pomoni","Dzindri Yantsini","Partially Restricted","-12.249128",44.350077,5,"Chaetodontidae",9.9386814010593,4.84838438721677,2.16826341417307,368,117.132403714771,52.3832034148352
2022-06-16,2022,"Comoros","Pomoni","Dzindri Yantsini","Partially Restricted","-12.249128",44.350077,5,"Labridae",28.7353848346556,7.99271440359969,3.57445054623812,1324,413.134360710895,184.759302878096
2022-06-16,2022,"Comoros","Pomoni","Dzindri Yantsini","Partially Restricted","-12.249128",44.350077,5,NA,18.6572502645304,14.3947563561178,6.43753074636532,644,303.776233435073,135.852861581934
2022-06-16,2022,"Comoros","Pomoni","Dzindri Yantsini","Partially Restricted","-12.249128",44.350077,5,"Mullidae",1.09616755305347,1.31201097892762,0.58674914722164,36,32.86335345031,14.6969384566991
2022-06-16,2022,"Comoros","Pomoni","Dzindri Yantsini","Partially Restricted","-12.249128",44.350077,5,"Scarinae",22.8199207841269,4.4324789869629,1.98226486473769,296,101.390334845093,45.3431361950185
2022-06-21,2022,"Comoros","Pomoni","Mrojou","Partially Restricted","-12.2440278",44.3556667,5,"Acanthuridae",22.1956888383437,18.2192309887295,8.14788779771397,2536,1500.29330465746,670.951563080376
2022-06-21,2022,"Comoros","Pomoni","Mrojou","Partially Restricted","-12.2440278",44.3556667,5,"Pomacanthidae",0.0214526230099163,0.047969523345849,0.0214526230099163,4,8.94427190999916,4
2022-06-21,2022,"Comoros","Pomoni","Mrojou","Partially Restricted","-12.2440278",44.3556667,5,"Chaetodontidae",2.06493219713789,2.63728416208357,1.17942933248049,164,112.605506082074,50.3587132480567
2022-06-21,2022,"Comoros","Pomoni","Mrojou","Partially Restricted","-12.2440278",44.3556667,5,"Labridae",3.71086122752318,2.52302799538405,1.12833242136275,268,141.844985811977,63.4350061086148
2022-06-21,2022,"Comoros","Pomoni","Mrojou","Partially Restricted","-12.2440278",44.3556667,5,NA,9.10780009649705,4.92783223535898,2.20379357199548,700,315.277655408689,140.996453856117
2022-06-21,2022,"Comoros","Pomoni","Mrojou","Partially Restricted","-12.2440278",44.3556667,5,"Mullidae",0.11956018486866,0.164319756943953,0.0734860293145845,60,82.4621125123532,36.8781778291715
2022-06-21,2022,"Comoros","Pomoni","Mrojou","Partially Restricted","-12.2440278",44.3556667,5,"Scarinae",8.92777736289679,7.61107746817562,3.40377732017154,144,138.852439661678,62.0966987850401
2022-06-24,2022,"Comoros","Pomoni","Mabamboni","Partially Restricted","-12.244921",44.329091,4,"Acanthuridae",115.8017687079,99.0141761171148,49.5070880585574,3355,1319.2295731474,659.614786573699
2022-06-24,2022,"Comoros","Pomoni","Mabamboni","Partially Restricted","-12.244921",44.329091,4,"Pomacanthidae",0.141424036500071,0.121718430692934,0.060859215346467,30,25.8198889747161,12.9099444873581
2022-06-24,2022,"Comoros","Pomoni","Mabamboni","Partially Restricted","-12.244921",44.329091,4,"Epinephelidae",0.475298500951889,0.950597001903778,0.475298500951889,10,20,10
2022-06-24,2022,"Comoros","Pomoni","Mabamboni","Partially Restricted","-12.244921",44.329091,4,"Chaetodontidae",3.63843530548914,3.49213696192198,1.74606848096099,395,110,55
2022-06-24,2022,"Comoros","Pomoni","Mabamboni","Partially Restricted","-12.244921",44.329091,4,"Labridae",11.9232303969213,16.1961847573289,8.09809237866447,605,681.248853210044,340.624426605022
2022-06-24,2022,"Comoros","Pomoni","Mabamboni","Partially Restricted","-12.244921",44.329091,4,NA,17.831908256812,16.5855590596672,8.29277952983359,620,392.93765408777,196.468827043885
2022-06-24,2022,"Comoros","Pomoni","Mabamboni","Partially Restricted","-12.244921",44.329091,4,"Mullidae",0.276034558011179,0.525835905544786,0.262917952772393,10,11.5470053837925,5.77350269189626
2022-06-24,2022,"Comoros","Pomoni","Mabamboni","Partially Restricted","-12.244921",44.329091,4,"Scarinae",25.8331431502918,22.2647316817096,11.1323658408548,455,388.630072605471,194.315036302735
2022-07-12,2022,"Comoros","Moya","Mpoundri","Partially restricted","-12.303833",44.429467,5,"Acanthuridae",154.186699058163,87.2021692056469,27.575747159724,3294,1428.69170922211,451.791987534086
2022-07-12,2022,"Comoros","Moya","Mpoundri","Partially restricted","-12.303833",44.429467,5,"Epinephelidae",1.84588259044647,4.50016958452574,1.4230785744115,20,37.7123616632825,11.9256958799989
2022-07-12,2022,"Comoros","Moya","Mpoundri","Partially restricted","-12.303833",44.429467,5,"Chaetodontidae",10.9959703190866,8.39272534548174,2.65401278679458,168,89.5420447486977,28.3156807754604
2022-07-12,2022,"Comoros","Moya","Mpoundri","Partially restricted","-12.303833",44.429467,5,"Labridae",8.16132540537316,9.66827183716683,3.05737600431078,506,302.735674952406,95.733426183799
2022-07-12,2022,"Comoros","Moya","Mpoundri","Partially restricted","-12.303833",44.429467,5,NA,23.187872161958,10.4423873932383,3.30217283724614,816,237.35580417967,75.058495706867
2022-07-12,2022,"Comoros","Moya","Mpoundri","Partially restricted","-12.303833",44.429467,5,"Lutjanidae",11.0090512138942,24.3126597217687,7.68833806974247,42,94.4927980794774,29.8812464413533
2022-07-12,2022,"Comoros","Moya","Mpoundri","Partially restricted","-12.303833",44.429467,5,"Mullidae",0.445640632313508,1.03400835904367,0.326982153423115,18,33.2665998663324,10.5198225587063
2022-07-12,2022,"Comoros","Moya","Mpoundri","Partially restricted","-12.303833",44.429467,5,"Scarinae",7.25958975509901,8.03079041862854,2.53955891343233,142,160.955480387176,50.8985919910037
2022-07-12,2022,"Comoros","Moya","Plage Moya","Partially restricted","-12.31175",44.4328,5,"Acanthuridae",123.473388357606,82.7551443141267,26.1694744128573,3450,750.362875177367,237.28557571931
2022-07-12,2022,"Comoros","Moya","Plage Moya","Partially restricted","-12.31175",44.4328,5,"Pomacanthidae",0.797408602618308,0.922292296739249,0.291654432612391,30,30.1846171271247,9.54521404218423
2022-07-12,2022,"Comoros","Moya","Plage Moya","Partially restricted","-12.31175",44.4328,5,"Epinephelidae",1.20966089525148,1.12255005580126,0.35498149638811,30,23.5702260395516,7.4535599249993
2022-07-12,2022,"Comoros","Moya","Plage Moya","Partially restricted","-12.31175",44.4328,5,"Chaetodontidae",8.68171487036679,6.4364322471213,2.0353785906259,186,56.6078125742767,17.9009621094634
2022-07-12,2022,"Comoros","Moya","Plage Moya","Partially restricted","-12.31175",44.4328,5,"Labridae",15.7398599526672,8.1863413568811,2.58874843913776,766,416.445274515952,131.691558828448
2022-07-12,2022,"Comoros","Moya","Plage Moya","Partially restricted","-12.31175",44.4328,5,NA,16.5301756525963,6.17496451837561,1.95269523487916,916,392.349050945428,124.071663879299
2022-07-12,2022,"Comoros","Moya","Plage Moya","Partially restricted","-12.31175",44.4328,5,"Lutjanidae",0.8316,2.00850481702186,0.635144991320879,8,19.3218356615859,6.11010092660779
2022-07-12,2022,"Comoros","Moya","Plage Moya","Partially restricted","-12.31175",44.4328,5,"Mullidae",0.441655292817886,0.778554025550744,0.246200400223328,16,32.3865541373097,10.2415276638248
2022-07-12,2022,"Comoros","Moya","Plage Moya","Partially restricted","-12.31175",44.4328,5,"Scarinae",11.3763051413159,14.2587213497874,4.50900359869985,152,113.215625148553,35.8019242189268
2022-07-15,2022,"Comoros","Moya","Mutsa Muhune","Partially restricted","-12.318533",44.441917,5,"Acanthuridae",65.4073890007999,35.5919168571828,15.9171891084363,2136,1083.36512773857,484.495614015235
2022-07-15,2022,"Comoros","Moya","Mutsa Muhune","Partially restricted","-12.318533",44.441917,5,"Epinephelidae",0.600058393994482,0.887741924989817,0.39701025815075,12,17.8885438199983,8
2022-07-15,2022,"Comoros","Moya","Mutsa Muhune","Partially restricted","-12.318533",44.441917,5,"Chaetodontidae",1.02429968023174,1.04723795938424,0.468339053160264,80,24.4948974278318,10.9544511501033
2022-07-15,2022,"Comoros","Moya","Mutsa Muhune","Partially restricted","-12.318533",44.441917,5,"Labridae",11.1964214021685,7.70826562746499,3.44724118632736,600,172.046505340853,76.9415362466854
2022-07-15,2022,"Comoros","Moya","Mutsa Muhune","Partially restricted","-12.318533",44.441917,5,NA,13.2710876762747,5.93589992472973,2.65461514786631,816,151.921032118664,67.9411510058521
2022-07-15,2022,"Comoros","Moya","Mutsa Muhune","Partially restricted","-12.318533",44.441917,5,"Mullidae",0.947076017565725,1.0454061582217,0.467519846776123,64,109.909053312273,49.152822909778
2022-07-15,2022,"Comoros","Moya","Mutsa Muhune","Partially restricted","-12.318533",44.441917,5,"Haemulidae",0.244535077517573,0.546797056212473,0.244535077517573,4,8.94427190999916,4
2022-07-15,2022,"Comoros","Moya","Mutsa Muhune","Partially restricted","-12.318533",44.441917,5,"Scarinae",4.85425999346711,3.70318559381647,1.65611494421431,100,76.1577310586391,34.0587727318528
2022-07-15,2022,"Comoros","Moya","Nkohani Shindrini","Partially restricted","-12.318067",44.448317,5,"Acanthuridae",174.884284299634,41.8624877417485,18.7214736595602,3340,418.807831827438,187.29655629509
2022-07-15,2022,"Comoros","Moya","Nkohani Shindrini","Partially restricted","-12.318067",44.448317,5,"Pomacanthidae",0.639784087609361,1.43060071081721,0.639784087609361,8,17.8885438199983,8
2022-07-15,2022,"Comoros","Moya","Nkohani Shindrini","Partially restricted","-12.318067",44.448317,5,"Epinephelidae",0.972090266478668,0.673889554841635,0.301372570790594,24,16.7332005306815,7.48331477354788
2022-07-15,2022,"Comoros","Moya","Nkohani Shindrini","Partially restricted","-12.318067",44.448317,5,"Chaetodontidae",25.1282266713299,8.05406330962263,3.60188661108063,576,55.4977477020464,24.8193472919817
2022-07-15,2022,"Comoros","Moya","Nkohani Shindrini","Partially restricted","-12.318067",44.448317,5,"Labridae",13.3214652456671,10.1782893237028,4.55186936449196,508,208.614476966485,93.2952303175248
2022-07-15,2022,"Comoros","Moya","Nkohani Shindrini","Partially restricted","-12.318067",44.448317,5,NA,23.8715655957592,7.82067384396613,3.49751166899257,352,155.948709516943,69.7423830966508
2022-07-15,2022,"Comoros","Moya","Nkohani Shindrini","Partially restricted","-12.318067",44.448317,5,"Lethrinidae",0.250258960812875,0.559596048356044,0.250258960812875,4,8.94427190999916,4
2022-07-15,2022,"Comoros","Moya","Nkohani Shindrini","Partially restricted","-12.318067",44.448317,5,"Lutjanidae",0.475749031902912,1.06380717556463,0.475749031902912,8,17.8885438199983,8
2022-07-15,2022,"Comoros","Moya","Nkohani Shindrini","Partially restricted","-12.318067",44.448317,5,"Mullidae",2.05268334912694,3.49977767560311,1.56514815775695,28,33.466401061363,14.9666295470958
2022-07-15,2022,"Comoros","Moya","Nkohani Shindrini","Partially restricted","-12.318067",44.448317,5,"Scarinae",6.16722544894688,5.47526046300983,2.44861091796139,120,151.657508881031,67.8232998312527
2022-12-06,2022,"Comoros","Pomoni","Madjibaridi","Partially Restricted","-12.2433333",44.34805556,5,"Acanthuridae",111.474989548829,166.043615452962,74.2569622765314,1744,2800.22856209989,1252.30028347837
2022-12-06,2022,"Comoros","Pomoni","Madjibaridi","Partially Restricted","-12.2433333",44.34805556,5,"Pomacanthidae",0.0754261528000377,0.16865800494217,0.0754261528000377,16,35.7770876399966,16
2022-12-06,2022,"Comoros","Pomoni","Madjibaridi","Partially Restricted","-12.2433333",44.34805556,5,"Epinephelidae",0.380238800761511,0.850239806185738,0.380238800761511,8,17.8885438199983,8
2022-12-06,2022,"Comoros","Pomoni","Madjibaridi","Partially Restricted","-12.2433333",44.34805556,5,"Chaetodontidae",5.20490031189348,7.64692898083308,3.41981060405119,248,422.752882899691,189.060836769544
2022-12-06,2022,"Comoros","Pomoni","Madjibaridi","Partially Restricted","-12.2433333",44.34805556,5,"Labridae",2.71292386331354,3.86089908406598,1.72664656124764,72,95.4986910905066,42.7083130081252
2022-12-06,2022,"Comoros","Pomoni","Madjibaridi","Partially Restricted","-12.2433333",44.34805556,5,NA,8.24624313596215,5.37737339119826,2.40483448862358,320,135.646599662505,60.6630035524124
2022-12-06,2022,"Comoros","Pomoni","Madjibaridi","Partially Restricted","-12.2433333",44.34805556,5,"Scarinae",4.50844404974682,5.45812309634894,2.44094685459957,72,76.9415362466854,34.4093010681705
2023-05-18,2023,"Comoros","Pomoni","Dzindri Yantsini","Partially Restricted","-12.249128",44.350077,5,"Acanthuridae",283.246175157911,61.0405700473207,27.2981728022293,4980,965.090669315583,431.601668208083
2023-05-18,2023,"Comoros","Pomoni","Dzindri Yantsini","Partially Restricted","-12.249128",44.350077,5,"Pomacanthidae",0.715210240409399,1.44326059136445,0.645445758307493,24,26.0768096208106,11.6619037896906
2023-05-18,2023,"Comoros","Pomoni","Dzindri Yantsini","Partially Restricted","-12.249128",44.350077,5,"Epinephelidae",0.950597001903778,0.672173586221763,0.300605166294336,20,14.142135623731,6.32455532033676
2023-05-18,2023,"Comoros","Pomoni","Dzindri Yantsini","Partially Restricted","-12.249128",44.350077,5,"Chaetodontidae",18.8354825771893,9.07971107959754,4.06057023800762,512,136.821051011897,61.1882341631134
2023-05-18,2023,"Comoros","Pomoni","Dzindri Yantsini","Partially Restricted","-12.249128",44.350077,5,"Labridae",49.2921531459987,16.6102710674897,7.42833904632101,1912,786.206079854385,351.602047775607
2023-05-18,2023,"Comoros","Pomoni","Dzindri Yantsini","Partially Restricted","-12.249128",44.350077,5,NA,12.6058154301994,2.42985923882695,1.08666608675459,284,29.6647939483827,13.2664991614216
2023-05-18,2023,"Comoros","Pomoni","Dzindri Yantsini","Partially Restricted","-12.249128",44.350077,5,"Lutjanidae",0.8316,1.13871519705324,0.509248917524623,8,10.9544511501033,4.89897948556636
2023-05-18,2023,"Comoros","Pomoni","Dzindri Yantsini","Partially Restricted","-12.249128",44.350077,5,"Mullidae",0.03985339495622,0.0690281049182824,0.0308703069910534,20,34.6410161513775,15.4919333848297
2023-05-18,2023,"Comoros","Pomoni","Dzindri Yantsini","Partially Restricted","-12.249128",44.350077,5,"Scarinae",32.7352698896432,23.3274959745401,10.4323733487849,540,388.587184554509,173.781471969828
2023-05-18,2023,"Comoros","Pomoni","Hamare_01","Partially Restricted","-12.240493",44.334006,5,"Acanthuridae",154.726187256273,79.8772719283703,35.7222019778143,5040,1152.3020437368,515.325140081483
2023-05-18,2023,"Comoros","Pomoni","Hamare_01","Partially Restricted","-12.240493",44.334006,5,"Pomacanthidae",1.11052843701412,1.56958335281859,0.701939014650879,44,49.7995983919549,22.2710574513201
2023-05-18,2023,"Comoros","Pomoni","Hamare_01","Partially Restricted","-12.240493",44.334006,5,"Epinephelidae",2.73600199888327,1.43225191975071,0.640522530693431,72,48.1663783151692,21.540659228538
2023-05-18,2023,"Comoros","Pomoni","Hamare_01","Partially Restricted","-12.240493",44.334006,5,"Chaetodontidae",12.4210159219063,12.3185217585311,5.50901040687715,404,93.1665175908169,41.6653333119993
2023-05-18,2023,"Comoros","Pomoni","Hamare_01","Partially Restricted","-12.240493",44.334006,5,"Labridae",15.9534790662347,7.08277182587748,3.16751185435647,1144,173.43586710943,77.5628777186613
2023-05-18,2023,"Comoros","Pomoni","Hamare_01","Partially Restricted","-12.240493",44.334006,5,NA,9.08118601778587,7.94486300787146,3.5530507515048,336,151.261363209512,67.6461381011511
2023-05-18,2023,"Comoros","Pomoni","Hamare_01","Partially Restricted","-12.240493",44.334006,5,"Lethrinidae",2.43260959131954,5.43948040890848,2.43260959131954,8,17.8885438199983,8
2023-05-18,2023,"Comoros","Pomoni","Hamare_01","Partially Restricted","-12.240493",44.334006,5,"Lutjanidae",0.8316,1.85951413008883,0.8316,8,17.8885438199983,8
2023-05-18,2023,"Comoros","Pomoni","Hamare_01","Partially Restricted","-12.240493",44.334006,5,"Mullidae",0.44962597180913,0.93998483006446,0.420373995568544,20,28.2842712474619,12.6491106406735
2023-05-18,2023,"Comoros","Pomoni","Hamare_01","Partially Restricted","-12.240493",44.334006,5,"Scarinae",24.6904289160054,19.999197149621,8.94391286439451,456,288.929057036498,129.213002441705
2023-05-24,2023,"Comoros","Pomoni","Mrojou","Partially Restricted","-12.2440278",44.3556667,5,"Acanthuridae",72.4348272348773,64.787586550706,28.9738895251059,4870.66666666667,1102.9213732427,493.241432881617
2023-05-24,2023,"Comoros","Pomoni","Mrojou","Partially Restricted","-12.2440278",44.3556667,5,"Pomacanthidae",1.03141285629065,2.2116749613626,0.989091111548199,26.6666666666667,41.8993502999218,18.7379590967403
2023-05-24,2023,"Comoros","Pomoni","Mrojou","Partially Restricted","-12.2440278",44.3556667,5,"Epinephelidae",0.326765731585331,0.457318526611303,0.204519062574584,6.66666666666667,9.42809041582063,4.21637021355784
2023-05-24,2023,"Comoros","Pomoni","Mrojou","Partially Restricted","-12.2440278",44.3556667,5,"Chaetodontidae",11.4921363169738,8.31295661341979,3.71766721632262,661.333333333333,210.100505049898,93.959802279722
2023-05-24,2023,"Comoros","Pomoni","Mrojou","Partially Restricted","-12.2440278",44.3556667,5,"Labridae",22.0574121882644,6.1429751325235,2.74722199608266,1008,393.598780485916,176.022725805505
2023-05-24,2023,"Comoros","Pomoni","Mrojou","Partially Restricted","-12.2440278",44.3556667,5,NA,9.93797770729495,3.25335759644201,1.45494574815193,360,52.9150262212918,23.6643191323985
2023-05-24,2023,"Comoros","Pomoni","Mrojou","Partially Restricted","-12.2440278",44.3556667,5,"Lethrinidae",2.43260959131954,5.43948040890848,2.43260959131954,8,17.8885438199983,8
2023-05-24,2023,"Comoros","Pomoni","Mrojou","Partially Restricted","-12.2440278",44.3556667,5,"Lutjanidae",4.69144948205748,10.4903999548867,4.69144948205748,80,178.885438199983,80
2023-05-24,2023,"Comoros","Pomoni","Mrojou","Partially Restricted","-12.2440278",44.3556667,5,"Mullidae",0.380241226233823,0.559679009409045,0.250296062123674,88,86.7179335547152,38.7814388593306
2023-05-24,2023,"Comoros","Pomoni","Mrojou","Partially Restricted","-12.2440278",44.3556667,5,"Scarinae",4.7835844217324,6.16125573537516,2.75539733021186,140,129.614813968157,57.9655069847577
2023-05-24,2023,"Comoros","Pomoni","Mabamboni","Partially Restricted","-12.244921",44.329091,5,"Acanthuridae",80.299662180874,29.2579547025407,13.0845551194981,3720,932.523458149981,417.037168607308
2023-05-24,2023,"Comoros","Pomoni","Mabamboni","Partially Restricted","-12.244921",44.329091,5,"Pomacanthidae",1.46813355721882,2.87050673751101,1.28372963898915,56,60.6630035524124,27.1293199325011
2023-05-24,2023,"Comoros","Pomoni","Mabamboni","Partially Restricted","-12.244921",44.329091,5,"Epinephelidae",3.4221492068536,3.40095922474295,1.52095520304605,72,71.5541752799933,32
2023-05-24,2023,"Comoros","Pomoni","Mabamboni","Partially Restricted","-12.244921",44.329091,5,"Chaetodontidae",11.5149323086317,5.83513059805245,2.60954973496686,896,305.417746701137,136.586968631711
2023-05-24,2023,"Comoros","Pomoni","Mabamboni","Partially Restricted","-12.244921",44.329091,5,"Labridae",54.3297984433623,33.7429250735169,15.0902948448132,2048,907.920701383111,406.034481294385
2023-05-24,2023,"Comoros","Pomoni","Mabamboni","Partially Restricted","-12.244921",44.329091,5,NA,17.9849928309153,14.5784720754204,6.51969091374451,552,351.454122183821,157.175061635108
2023-05-24,2023,"Comoros","Pomoni","Mabamboni","Partially Restricted","-12.244921",44.329091,5,"Mullidae",1.58002760617347,1.29142483720743,0.577542744765484,176,212.790977252326,95.1630180269625
2023-05-24,2023,"Comoros","Pomoni","Mabamboni","Partially Restricted","-12.244921",44.329091,5,"Scarinae",18.556981841427,16.043586100894,7.17490982489394,480,398.9987468652,178.437664185564
2023-06-07,2023,"Comoros","Moya","Nkohani Shindrini","Partially restricted","-12.318067",44.448317,5,"Acanthuridae",242.147384275062,103.996243566238,46.5085340037467,4272,1782.22333056214,797.034503644604
2023-06-07,2023,"Comoros","Moya","Nkohani Shindrini","Partially restricted","-12.318067",44.448317,5,"Pomacanthidae",1.99477841562812,4.25277411510588,1.90189840286565,40,56.5685424949238,25.298221281347
2023-06-07,2023,"Comoros","Moya","Nkohani Shindrini","Partially restricted","-12.318067",44.448317,5,"Epinephelidae",1.52095520304605,1.59065302567206,0.711361658803687,32,33.466401061363,14.9666295470958
2023-06-07,2023,"Comoros","Moya","Nkohani Shindrini","Partially restricted","-12.318067",44.448317,5,"Chaetodontidae",34.6437474862349,14.6929057856082,6.57086722472399,1000,460.434577328854,205.91260281974
2023-06-07,2023,"Comoros","Moya","Nkohani Shindrini","Partially restricted","-12.318067",44.448317,5,"Labridae",9.17810196103841,7.56614832899073,3.38368439829394,472,380.946190425892,170.364315512375
2023-06-07,2023,"Comoros","Moya","Nkohani Shindrini","Partially restricted","-12.318067",44.448317,5,NA,10.3136680332627,6.91662013358981,3.0932065586501,256,220.181743112366,98.4682690007294
2023-06-07,2023,"Comoros","Moya","Nkohani Shindrini","Partially restricted","-12.318067",44.448317,5,"Lethrinidae",1.0285810386805,2.29997712285694,1.0285810386805,16,35.7770876399966,16
2023-06-07,2023,"Comoros","Moya","Nkohani Shindrini","Partially restricted","-12.318067",44.448317,5,"Lutjanidae",6.6836,7.5833077743159,3.3913583355346,72,81.9756061276768,36.6606055596467
2023-06-07,2023,"Comoros","Moya","Nkohani Shindrini","Partially restricted","-12.318067",44.448317,5,"Mullidae",2.14451103215948,3.02451964418159,1.3526063047347,48,65.7267069006199,29.3938769133981
2023-06-07,2023,"Comoros","Moya","Nkohani Shindrini","Partially restricted","-12.318067",44.448317,5,"Scarinae",9.60770422595429,8.31452950349005,3.71837063414626,96,60.6630035524124,27.1293199325011
2023-06-07,2023,"Comoros","Moya","Plage Moya","Partially restricted","-12.31175",44.4328,5,"Acanthuridae",180.178051641769,98.2075415177858,31.0559514601753,4756,889.434277129757,281.263814475544
2023-06-07,2023,"Comoros","Moya","Plage Moya","Partially restricted","-12.31175",44.4328,5,"Balistidae",0.351007438099282,1.10998298005429,0.351007438099282,4,12.6491106406735,4
2023-06-07,2023,"Comoros","Moya","Plage Moya","Partially restricted","-12.31175",44.4328,5,"Pomacanthidae",0.0188565382000094,0.0596296094980014,0.0188565382000094,4,12.6491106406735,4
2023-06-07,2023,"Comoros","Moya","Plage Moya","Partially restricted","-12.31175",44.4328,5,"Epinephelidae",1.80639770517158,1.71589802677037,0.542614599718294,40,38.873012632302,12.2927259430572
2023-06-07,2023,"Comoros","Moya","Plage Moya","Partially restricted","-12.31175",44.4328,5,"Chaetodontidae",10.2509910823811,7.30911653240045,2.31134559259773,310,60.5530070819498,19.1485421551268
2023-06-07,2023,"Comoros","Moya","Plage Moya","Partially restricted","-12.31175",44.4328,5,"Labridae",27.9146597413425,6.76360543755144,2.13883983773623,1376,187.094747239051,59.1645539528901
2023-06-07,2023,"Comoros","Moya","Plage Moya","Partially restricted","-12.31175",44.4328,5,NA,13.4222295150659,13.204145143828,4.17551732099481,420,372.856838776255,117.907685170315
2023-06-07,2023,"Comoros","Moya","Plage Moya","Partially restricted","-12.31175",44.4328,5,"Lethrinidae",0.125129480406437,0.395694160517754,0.125129480406437,2,6.32455532033676,2
2023-06-07,2023,"Comoros","Moya","Plage Moya","Partially restricted","-12.31175",44.4328,5,"Lutjanidae",0.4158,0.876583367398675,0.2772,4,8.43274042711568,2.66666666666667
2023-06-07,2023,"Comoros","Moya","Plage Moya","Partially restricted","-12.31175",44.4328,5,"Mullidae",3.03977763628212,5.11655737131951,1.61799750722935,86,95.7078889120432,30.2654919008431
2023-06-07,2023,"Comoros","Moya","Plage Moya","Partially restricted","-12.31175",44.4328,5,"Scarinae",21.9041340509525,21.0601193520959,6.65979449476126,340,325.781112609883,103.021033451103
2023-06-14,2023,"Comoros","Moya","Mpoundri","Partially restricted","-12.302633",44.429883,5,"Acanthuridae",156.437742653637,102.01550386729,32.2601348870352,4300,1184.34229286413,374.521917471684
2023-06-14,2023,"Comoros","Moya","Mpoundri","Partially restricted","-12.302633",44.429883,5,"Epinephelidae",0.396692613027238,0.694925725285847,0.219754809654774,8,13.984117975602,4.42216638714053
2023-06-14,2023,"Comoros","Moya","Mpoundri","Partially restricted","-12.302633",44.429883,5,"Chaetodontidae",8.02771013947597,6.6364841155986,2.09864054608198,142,99.532239333126,31.4748576909677
2023-06-14,2023,"Comoros","Moya","Mpoundri","Partially restricted","-12.302633",44.429883,5,"Labridae",25.2531087326292,10.6931297492345,3.38146453232861,1458,653.703976497687,206.719348124187
2023-06-14,2023,"Comoros","Moya","Mpoundri","Partially restricted","-12.302633",44.429883,5,NA,4.96875210811089,4.73947297215731,1.49875295008249,148,98.0702695916442,31.0125422656347
2023-06-14,2023,"Comoros","Moya","Mpoundri","Partially restricted","-12.302633",44.429883,5,"Mullidae",0.871354567148907,1.74539283713853,0.551941677710109,26,44.2718872423573,14
2023-06-14,2023,"Comoros","Moya","Mpoundri","Partially restricted","-12.302633",44.429883,5,"Scarinae",13.3866184389859,12.945884295226,4.09384806979179,264,242.542092566768,76.6985440974382
2023-06-15,2023,"Comoros","Moya","Mutsa Muhune","Partially restricted","-12.318533",44.441917,5,"Acanthuridae",12.4875256592168,2.3861872226101,1.06713536735952,2936,832.153831932534,372.150507187616
2023-06-15,2023,"Comoros","Moya","Mutsa Muhune","Partially restricted","-12.318533",44.441917,5,"Chaetodontidae",2.42315463408089,1.9138394160135,0.855895006444939,272,91.214034007931,40.7921561087423
2023-06-15,2023,"Comoros","Moya","Mutsa Muhune","Partially restricted","-12.318533",44.441917,5,"Labridae",25.3270723931897,7.63155394097124,3.41293467719362,2592,258.302148655407,115.516232625549
2023-06-15,2023,"Comoros","Moya","Mutsa Muhune","Partially restricted","-12.318533",44.441917,5,NA,4.25010289494788,3.84740921956067,1.72061371043941,224,151.261363209512,67.6461381011511
2023-06-15,2023,"Comoros","Moya","Mutsa Muhune","Partially restricted","-12.318533",44.441917,5,"Mullidae",1.8303866032015,3.95974808363507,1.77085317775651,96,151.261363209512,67.6461381011511
2023-06-15,2023,"Comoros","Moya","Mutsa Muhune","Partially restricted","-12.318533",44.441917,5,"Scarinae",32.1754905668865,24.1797095941118,10.8134948657276,928,655.072515069897,292.957334777609
2023-06-21,2023,"Comoros","Pomoni","Hamare_02","Partially Restricted","-12.241253",44.333174,5,"Acanthuridae",168.903711526876,46.0232757084037,20.5822346062411,2752,541.220842170735,242.04131878669
2023-06-21,2023,"Comoros","Pomoni","Hamare_02","Partially Restricted","-12.241253",44.333174,5,"Pomacanthidae",0.466882691000047,0.992116151197158,0.443687831130461,24,43.3589667773576,19.3907194296653
2023-06-21,2023,"Comoros","Pomoni","Hamare_02","Partially Restricted","-12.241253",44.333174,5,"Epinephelidae",0.202564446757013,0.419030089629987,0.187395953006096,12,17.8885438199983,8
2023-06-21,2023,"Comoros","Pomoni","Hamare_02","Partially Restricted","-12.241253",44.333174,5,"Chaetodontidae",13.1886573614577,5.38075999849177,2.40634902544785,340,95.9166304662544,42.8952211790544
2023-06-21,2023,"Comoros","Pomoni","Hamare_02","Partially Restricted","-12.241253",44.333174,5,"Labridae",22.2578941825351,6.61687572873489,2.95915678562393,844,57.2712842531054,25.6124969497314
2023-06-21,2023,"Comoros","Pomoni","Hamare_02","Partially Restricted","-12.241253",44.333174,5,NA,16.9003935836556,26.656920919163,11.9213374492169,324,535.985074419055,239.699812265258
2023-06-21,2023,"Comoros","Pomoni","Hamare_02","Partially Restricted","-12.241253",44.333174,5,"Lutjanidae",2.65834690795041,3.76615013069088,1.68427354113891,24,32.86335345031,14.6969384566991
2023-06-21,2023,"Comoros","Pomoni","Hamare_02","Partially Restricted","-12.241253",44.333174,5,"Scarinae",12.4461236796996,18.3675134531133,8.21420173176065,80,86.0232526704263,38.4707681233427
2023-11-28,2023,"Comoros","Vouani","Darsalama","Open access","-12.258297",44.385769,5,"Acanthuridae",299.683657783031,158.419925753892,50.0967792137065,3896,2199.49085017419,695.540077925061
2023-11-28,2023,"Comoros","Vouani","Darsalama","Open access","-12.258297",44.385769,5,"Balistidae",3.8610818190921,6.91206443986458,2.1857866963828,44,78.7682959346236,24.9087222563592
2023-11-28,2023,"Comoros","Vouani","Darsalama","Open access","-12.258297",44.385769,5,"Pomacanthidae",0.696353702209389,1.37154337926062,0.433720098818771,20,28.2842712474619,8.94427190999916
2023-11-28,2023,"Comoros","Vouani","Darsalama","Open access","-12.258297",44.385769,5,"Chaetodontidae",12.5561171008946,10.6048843968635,3.35355890168695,232,175.676470314673,55.5537777493324
2023-11-28,2023,"Comoros","Vouani","Darsalama","Open access","-12.258297",44.385769,5,"Labridae",52.821524879511,29.027051395908,9.17915961698393,1756,996.785946039681,315.211392913109
2023-11-28,2023,"Comoros","Vouani","Darsalama","Open access","-12.258297",44.385769,5,NA,12.0788475859991,8.1594409720005,2.58024179052197,488,380.315658368151,120.266371026983
2023-11-28,2023,"Comoros","Vouani","Darsalama","Open access","-12.258297",44.385769,5,"Lutjanidae",0.475749031902912,1.50445053543331,0.475749031902912,8,25.298221281347,8
2023-11-28,2023,"Comoros","Vouani","Darsalama","Open access","-12.258297",44.385769,5,"Mullidae",1.92603475109643,3.13262825818798,0.990624035848002,144,265.463954447889,83.9470732730517
2023-11-28,2023,"Comoros","Vouani","Darsalama","Open access","-12.258297",44.385769,5,"Scarinae",21.9658651551399,28.6763032751968,9.06824332233681,312,351.656397954342,111.20351713063
2024-05-07,2024,"Comoros","Pomoni","Hamare_01","Partially Restricted","-12.240493",44.334006,3,"Acanthuridae",110.649091331759,85.4117544276022,49.3124994107344,3826.66666666667,1864.33187317423,1076.37250883594
2024-05-07,2024,"Comoros","Pomoni","Hamare_01","Partially Restricted","-12.240493",44.334006,3,"Epinephelidae",1.92333789763683,1.86807659952907,1.07853452760495,53.3333333333333,23.094010767585,13.3333333333333
2024-05-07,2024,"Comoros","Pomoni","Hamare_01","Partially Restricted","-12.240493",44.334006,3,"Chaetodontidae",0.614694920556182,0.554106820939224,0.319913722229069,160,144.22205101856,83.2666399786453
2024-05-07,2024,"Comoros","Pomoni","Hamare_01","Partially Restricted","-12.240493",44.334006,3,"Labridae",4.60882208379013,3.30950166681824,1.91074167822103,426.666666666667,140.47538337137,81.1035004039763
2024-05-07,2024,"Comoros","Pomoni","Hamare_01","Partially Restricted","-12.240493",44.334006,3,NA,6.15632304090131,7.28661206264118,4.20692743584626,160,138.56406460551,80
2024-05-07,2024,"Comoros","Pomoni","Hamare_01","Partially Restricted","-12.240493",44.334006,3,"Mullidae",1.47218430939295,1.13689280115058,0.656385364784037,53.3333333333333,23.094010767585,13.3333333333333
2024-05-07,2024,"Comoros","Pomoni","Hamare_01","Partially Restricted","-12.240493",44.334006,3,"Scarinae",0.934717461384409,1.6189781338396,0.934717461384409,13.3333333333333,23.094010767585,13.3333333333333
2024-05-15,2024,"Comoros","Pomoni","Mrojou","Partially Restricted","-12.2440278",44.3556667,5,"Acanthuridae",96.6846618371053,61.0013153187332,27.2806175539173,8720,2530.61257406186,1131.72434806361
2024-05-15,2024,"Comoros","Pomoni","Mrojou","Partially Restricted","-12.2440278",44.3556667,5,"Epinephelidae",0.0132863362975639,0.0297091511332758,0.0132863362975639,8,17.8885438199983,8
2024-05-15,2024,"Comoros","Pomoni","Mrojou","Partially Restricted","-12.2440278",44.3556667,5,"Chaetodontidae",27.588358690219,15.2126487717025,6.80330335427108,1064,358.441069075518,160.299719276111
2024-05-15,2024,"Comoros","Pomoni","Mrojou","Partially Restricted","-12.2440278",44.3556667,5,"Labridae",20.2850238039654,7.96352359978043,3.56139602190657,808,214.289523775662,95.8331884056875
2024-05-15,2024,"Comoros","Pomoni","Mrojou","Partially Restricted","-12.2440278",44.3556667,5,NA,10.3035402633097,2.59862125837313,1.16213875629967,328,170.645832061612,76.3151361133556
2024-05-15,2024,"Comoros","Pomoni","Mrojou","Partially Restricted","-12.2440278",44.3556667,5,"Mullidae",1.2227818339598,1.22222347166698,0.546594953268631,408,385.123356861149,172.232401132888
2024-06-06,2024,"Comoros","Pomoni","Hamare_02","Partially Restricted","-12.241253",44.333174,5,"Acanthuridae",278.034234077937,193.55132666934,86.5587847135824,4600,2353.04058613531,1052.3117408829
2024-06-06,2024,"Comoros","Pomoni","Hamare_02","Partially Restricted","-12.241253",44.333174,5,"Pomacanthidae",2.13018408760936,3.28165258419569,1.46759965135988,24,35.7770876399966,16
2024-06-06,2024,"Comoros","Pomoni","Hamare_02","Partially Restricted","-12.241253",44.333174,5,"Epinephelidae",1.62930037167812,2.70856559514803,1.21130735845363,32,52.1536192416212,23.3238075793812
2024-06-06,2024,"Comoros","Pomoni","Hamare_02","Partially Restricted","-12.241253",44.333174,5,"Chaetodontidae",15.1434129267573,5.38857426774335,2.40984367289606,504,342.461676688064,153.153517752613
2024-06-06,2024,"Comoros","Pomoni","Hamare_02","Partially Restricted","-12.241253",44.333174,5,"Labridae",9.41879663498915,6.85302954395612,3.06476798242005,552,245.60130292814,109.836241741968
2024-06-06,2024,"Comoros","Pomoni","Hamare_02","Partially Restricted","-12.241253",44.333174,5,NA,5.72847784021311,5.13099937193053,2.29465267762908,160,97.9795897113271,43.8178046004133
2024-06-06,2024,"Comoros","Pomoni","Hamare_02","Partially Restricted","-12.241253",44.333174,5,"Lutjanidae",12.9096742752631,17.955858773771,8.0301041625076,72,99.5991967839099,44.5421149026402
2024-06-06,2024,"Comoros","Pomoni","Hamare_02","Partially Restricted","-12.241253",44.333174,5,"Haemulidae",2.22864091270762,4.98339257825142,2.22864091270762,8,17.8885438199983,8
2024-06-06,2024,"Comoros","Pomoni","Hamare_02","Partially Restricted","-12.241253",44.333174,5,"Scarinae",2.84775285435654,4.95139217838757,2.21432989882707,56,104.307238483242,46.6476151587624
2024-06-20,2024,"Comoros","Pomoni","Dzindri Yantsini","Partially Restricted","-12.249128",44.350077,5,"Acanthuridae",302.723900764241,101.139072696834,45.2307683462827,5152,1386.04473232288,619.858048265891
2024-06-20,2024,"Comoros","Pomoni","Dzindri Yantsini","Partially Restricted","-12.249128",44.350077,5,"Balistidae",2.82220627750421,6.27117844741253,2.8045562614892,40,69.2820323027551,30.9838667696593
2024-06-20,2024,"Comoros","Pomoni","Dzindri Yantsini","Partially Restricted","-12.249128",44.350077,5,"Epinephelidae",0.380238800761511,0.850239806185738,0.380238800761511,8,17.8885438199983,8
2024-06-20,2024,"Comoros","Pomoni","Dzindri Yantsini","Partially Restricted","-12.249128",44.350077,5,"Chaetodontidae",26.4035830478478,14.4666090733929,6.46966425840436,496,214.66252583998,96
2024-06-20,2024,"Comoros","Pomoni","Dzindri Yantsini","Partially Restricted","-12.249128",44.350077,5,"Labridae",21.2715640549462,10.7559895454842,4.81022475779595,984,465.274112755051,208.076908858239
2024-06-20,2024,"Comoros","Pomoni","Dzindri Yantsini","Partially Restricted","-12.249128",44.350077,5,NA,5.68004392822227,2.92897458024064,1.3098772531574,168,76.9415362466854,34.4093010681705
2024-06-20,2024,"Comoros","Pomoni","Dzindri Yantsini","Partially Restricted","-12.249128",44.350077,5,"Scarinae",3.43038356628884,3.10795573514108,1.38992005896716,72,65.7267069006199,29.3938769133981
2024-06-25,2024,"Comoros","Moya","Plage Moya","Partially restricted","-12.309783",44.430883,5,"Acanthuridae",118.222532643333,62.9794309921305,19.915844767653,3728,1368.70417224143,432.822262725834
2024-06-25,2024,"Comoros","Moya","Plage Moya","Partially restricted","-12.309783",44.430883,5,"Balistidae",2.11762285052992,4.75901856818345,1.5049338102493,36,80.9938269252663,25.6124969497314
2024-06-25,2024,"Comoros","Moya","Plage Moya","Partially restricted","-12.309783",44.430883,5,"Pomacanthidae",0.376461658404709,0.99964675332559,0.316116059610136,16,27.968235951204,8.84433277428107
2024-06-25,2024,"Comoros","Moya","Plage Moya","Partially restricted","-12.309783",44.430883,5,"Epinephelidae",0.395088897187619,0.833655653361239,0.263625064889732,8,16.8654808542314,5.33333333333333
2024-06-25,2024,"Comoros","Moya","Plage Moya","Partially restricted","-12.309783",44.430883,5,"Chaetodontidae",9.12064998685699,9.31612598941972,2.9460177095656,160,134.660065844828,42.5832517937902
2024-06-25,2024,"Comoros","Moya","Plage Moya","Partially restricted","-12.309783",44.430883,5,"Labridae",13.3089505819439,8.04861977217863,2.545197050075,756,382.947632045021,121.098674183035
2024-06-25,2024,"Comoros","Moya","Plage Moya","Partially restricted","-12.309783",44.430883,5,NA,5.99211238180228,4.44991148041333,1.40718556642379,180,125.432584814845,39.665266081716
2024-06-25,2024,"Comoros","Moya","Plage Moya","Partially restricted","-12.309783",44.430883,5,"Mullidae",0.585127514660279,1.85033566796004,0.585127514660279,88,278.280434094817,88
2024-06-25,2024,"Comoros","Moya","Plage Moya","Partially restricted","-12.309783",44.430883,5,"Scarinae",7.63661214251868,9.38420049517848,2.96754475844439,132,148.533572710759,46.9704398768228
2024-06-27,2024,"Comoros","Moya","Mpoundri","Partially restricted","-12.302633",44.429883,5,"Acanthuridae",151.772524614791,70.0351344749858,22.1470541177136,4172,1371.8503319726,433.817165789153
2024-06-27,2024,"Comoros","Moya","Mpoundri","Partially restricted","-12.302633",44.429883,5,"Balistidae",0.702014876198564,2.21996596010859,0.702014876198564,8,25.298221281347,8
2024-06-27,2024,"Comoros","Moya","Mpoundri","Partially restricted","-12.302633",44.429883,5,"Pomacanthidae",0.0188565382000094,0.0596296094980014,0.0188565382000094,4,12.6491106406735,4
2024-06-27,2024,"Comoros","Moya","Mpoundri","Partially restricted","-12.302633",44.429883,5,"Epinephelidae",0.204969496806863,0.648170460768298,0.204969496806863,4,12.6491106406735,4
2024-06-27,2024,"Comoros","Moya","Mpoundri","Partially restricted","-12.302633",44.429883,5,"Chaetodontidae",8.62593598193294,5.99944082319896,1.89718976887043,140,78.3156008298049,24.7655674946756
2024-06-27,2024,"Comoros","Moya","Mpoundri","Partially restricted","-12.302633",44.429883,5,"Labridae",14.9999786001286,12.2896661702545,3.88633367811228,916,550.216119154808,173.993614186779
2024-06-27,2024,"Comoros","Moya","Mpoundri","Partially restricted","-12.302633",44.429883,5,NA,3.90475753759284,4.50645152618185,1.42506509878766,96,75.8946638440411,24
2024-06-27,2024,"Comoros","Moya","Mpoundri","Partially restricted","-12.302633",44.429883,5,"Lutjanidae",0.495509013741088,1.04462472304367,0.330339342494059,8,16.8654808542314,5.33333333333333
2024-06-27,2024,"Comoros","Moya","Mpoundri","Partially restricted","-12.302633",44.429883,5,"Mullidae",0.015941357982488,0.0336073334805125,0.0106275719883253,8,16.8654808542314,5.33333333333333
2024-06-27,2024,"Comoros","Moya","Mpoundri","Partially restricted","-12.302633",44.429883,5,"Scarinae",4.50844404974682,7.75170959859316,2.45130580917439,72,118.958442790376,37.6179626124424
2024-07-10,2024,"Comoros","Vouani","Darsalama","Open access","-12.258297",44.385769,5,"Acanthuridae",262.948960384493,132.540734477325,41.9130603699954,5128,2603.84672701328,823.408633533665
2024-07-10,2024,"Comoros","Vouani","Darsalama","Open access","-12.258297",44.385769,5,"Pomacanthidae",1.52470317181884,2.87537590309874,0.909273698295563,68,84.4327477279337,26.6999791926677
2024-07-10,2024,"Comoros","Vouani","Darsalama","Open access","-12.258297",44.385769,5,"Epinephelidae",0.211192019994992,0.646280017442809,0.204371686137263,8,16.8654808542314,5.33333333333333
2024-07-10,2024,"Comoros","Vouani","Darsalama","Open access","-12.258297",44.385769,5,"Chaetodontidae",18.921114974953,7.84799452663849,2.48175377687126,408,229.2402912036,72.4921451683637
2024-07-10,2024,"Comoros","Vouani","Darsalama","Open access","-12.258297",44.385769,5,"Labridae",8.75365413755211,5.02615774754967,1.58941063615585,568,332.95979069885,105.291130786131
2024-07-10,2024,"Comoros","Vouani","Darsalama","Open access","-12.258297",44.385769,5,NA,5.8615862285433,7.83019210119535,2.4761241556437,116,119.925903049434,37.9239004088744
2024-07-10,2024,"Comoros","Vouani","Darsalama","Open access","-12.258297",44.385769,5,"Lutjanidae",0.247754506870544,0.783468542282755,0.247754506870544,4,12.6491106406735,4
2024-07-10,2024,"Comoros","Vouani","Darsalama","Open access","-12.258297",44.385769,5,"Mullidae",0.718277692165538,1.53498836742182,0.485405942291637,52,101.631141334184,32.1385887818505
2024-07-10,2024,"Comoros","Vouani","Darsalama","Open access","-12.258297",44.385769,5,"Scarinae",2.27602225997507,3.18011403203895,1.00564035603048,44,51.4673575083168,16.2754074876449
