"Country","sub-national","Eco_region","Year","Management_level","Sector","Location","Site","site_corrected","Station","Station_corrected","family","density.ind.ha.","sd_density","biomass.kg.ha.","sd_biomass","Organization"
"Reference","Reference","Reference","","Reference","Reference","","Blenheim","","Blenheim","Blenheim","Scarinae",456,NA,484.77,NA,"CORDIO"
"Reference","Reference","Reference","","Reference","Reference","","Blenheim","","Blenheim","Blenheim","Epinephelidae",80,NA,308.34,NA,"CORDIO"
"Reference","Reference","Reference","","Reference","Reference","","DGLagoonN","","DGLagoonN","DGLagoonN","Scarinae",846.67,NA,167.79,NA,"CORDIO"
"Reference","Reference","Reference","","Reference","Reference","","DGLagoonN","","DGLagoonN","DGLagoonN","Epinephelidae",140,NA,112.03,NA,"CORDIO"
"Reference","Reference","Reference","","Reference","Reference","","DGOuterN","","DGOuterN","DGOuterN","Scarinae",300,NA,193.01,NA,"CORDIO"
"Reference","Reference","Reference","","Reference","Reference","","DGOuterN","","DGOuterN","DGOuterN","Epinephelidae",740,NA,547.11,NA,"CORDIO"
"Reference","Reference","Reference","","Reference","Reference","","Eagle Outer","","Eagle Outer","Eagle Outer","Scarinae",976,NA,719.54,NA,"CORDIO"
"Reference","Reference","Reference","","Reference","Reference","","Eagle Outer","","Eagle Outer","Eagle Outer","Epinephelidae",112,NA,240.81,NA,"CORDIO"
"Reference","Reference","Reference","","Reference","Reference","","EgmontIn","","EgmontIn","EgmontIn","Scarinae",624,NA,827.5,NA,"CORDIO"
"Reference","Reference","Reference","","Reference","Reference","","EgmontIn","","EgmontIn","EgmontIn","Epinephelidae",224,NA,360.95,NA,"CORDIO"
"Reference","Reference","Reference","","Reference","Reference","","Glo15.1","","Glo15.1","Glo15.1","Scarinae",440,NA,21.03,NA,"CORDIO"
"Reference","Reference","Reference","","Reference","Reference","","Glo15.1","","Glo15.1","Glo15.1","Epinephelidae",173.33,NA,121.96,NA,"CORDIO"
"Reference","Reference","Reference","","Reference","Reference","","Glo15.2","","Glo15.2","Glo15.2","Scarinae",280,NA,39.91,NA,"CORDIO"
"Reference","Reference","Reference","","Reference","Reference","","Glo15.2","","Glo15.2","Glo15.2","Epinephelidae",2640,NA,117.96,NA,"CORDIO"
"Reference","Reference","Reference","","Reference","Reference","","Glo15.3","","Glo15.3","Glo15.3","Scarinae",360,NA,16.05,NA,"CORDIO"
"Reference","Reference","Reference","","Reference","Reference","","Glo15.3","","Glo15.3","Glo15.3","Epinephelidae",0,NA,0,NA,"CORDIO"
"Reference","Reference","Reference","","Reference","Reference","","Glo15.4","","Glo15.4","Glo15.4","Scarinae",120,NA,4.71,NA,"CORDIO"
"Reference","Reference","Reference","","Reference","Reference","","Glo15.4","","Glo15.4","Glo15.4","Epinephelidae",0,NA,0,NA,"CORDIO"
"Reference","Reference","Reference","","Reference","Reference","","Glo15.5","","Glo15.5","Glo15.5","Scarinae",426.67,NA,27.49,NA,"CORDIO"
"Reference","Reference","Reference","","Reference","Reference","","Glo15.5","","Glo15.5","Glo15.5","Epinephelidae",106.67,NA,69.8,NA,"CORDIO"
"Reference","Reference","Reference","","Reference","Reference","","Glo15.6","","Glo15.6","Glo15.6","Scarinae",853.33,NA,9.16,NA,"CORDIO"
"Reference","Reference","Reference","","Reference","Reference","","Glo15.6","","Glo15.6","Glo15.6","Epinephelidae",80,NA,12.43,NA,"CORDIO"
"Reference","Reference","Reference","","Reference","Reference","","PBCoinLagoon","","PBCoinLagoon","PBCoinLagoon","Scarinae",968,NA,743.47,NA,"CORDIO"
"Reference","Reference","Reference","","Reference","Reference","","PBCoinLagoon","","PBCoinLagoon","PBCoinLagoon","Epinephelidae",96,NA,127.15,NA,"CORDIO"
"Reference","Reference","Reference","","Reference","Reference","","PBDiamantLagoon","","PBDiamantLagoon","PBDiamantLagoon","Scarinae",360,NA,618.31,NA,"CORDIO"
"Reference","Reference","Reference","","Reference","Reference","","PBDiamantLagoon","","PBDiamantLagoon","PBDiamantLagoon","Epinephelidae",112,NA,312.78,NA,"CORDIO"
"Reference","Reference","Reference","","Reference","Reference","","PBIsdela Passe","","PBIsdela Passe","PBIsdela Passe","Scarinae",1000,NA,1000.8,NA,"CORDIO"
"Reference","Reference","Reference","","Reference","Reference","","PBIsdela Passe","","PBIsdela Passe","PBIsdela Passe","Epinephelidae",152,NA,237.82,NA,"CORDIO"
"Reference","Reference","Reference","","Reference","Reference","","PBLagKnolls","","PBLagKnolls","PBLagKnolls","Scarinae",1040,NA,776.1,NA,"CORDIO"
"Reference","Reference","Reference","","Reference","Reference","","PBLagKnolls","","PBLagKnolls","PBLagKnolls","Epinephelidae",88,NA,155.81,NA,"CORDIO"
"Reference","Reference","Reference","","Reference","Reference","","SAIsdela Passe","","SAIsdela Passe","SAIsdela Passe","Scarinae",773.33,NA,334.08,NA,"CORDIO"
"Reference","Reference","Reference","","Reference","Reference","","SAIsdela Passe","","SAIsdela Passe","SAIsdela Passe","Epinephelidae",173.33,NA,363.88,NA,"CORDIO"
"Reference","Reference","Reference","","Reference","Reference","","SAIsle Anglaise","","SAIsle Anglaise","SAIsle Anglaise","Scarinae",664,NA,491.86,NA,"CORDIO"
"Reference","Reference","Reference","","Reference","Reference","","SAIsle Anglaise","","SAIsle Anglaise","SAIsle Anglaise","Epinephelidae",32,NA,30.73,NA,"CORDIO"
"Reference","Reference","Reference","","Reference","Reference","","Salomon Lagoon","","Salomon Lagoon","Salomon Lagoon","Scarinae",473.33,NA,322.59,NA,"CORDIO"
"Reference","Reference","Reference","","Reference","Reference","","Salomon Lagoon","","Salomon Lagoon","Salomon Lagoon","Epinephelidae",46.67,NA,33.73,NA,"CORDIO"
"Reference","Reference","Reference","","Reference","Reference","","Three Brothers","","Three Brothers","Three Brothers","Scarinae",632,NA,554.14,NA,"CORDIO"
"Reference","Reference","Reference","","Reference","Reference","","Three Brothers","","Three Brothers","Three Brothers","Epinephelidae",136,NA,139.09,NA,"CORDIO"
"Comoros","Ngazidja","Ngazidja","2010","Partially Restricted","Grand Comore","Coelecanth National Park","NA","Chindini","Chindini","Chin_02","Scarinae",120,102,87,97,"CORDIO"
"Comoros","Ngazidja","Ngazidja","2010","Partially Restricted","Grand Comore","Coelecanth National Park","NA","Chindini","Chindini","Chin_02","Epinephelidae",104,128,37,42,"CORDIO"
"Comoros","Mwali","Mwali","2010","Partially Restricted","Moheli island","Moheli National Park","NA","Ferenga","Ferenga","Ferenga","Scarinae",333,46,398,102,"CORDIO"
"Comoros","Mwali","Mwali","2010","Partially Restricted","Moheli island","Moheli National Park","NA","Ferenga","Ferenga","Ferenga","Epinephelidae",40,40,12,17,"CORDIO"
"Comoros","Ngazidja","Ngazidja","2010","Open access","Grand Comore","Itsandra","NA","Bandamadji","Itsandra","Barakani","Scarinae",8,18,1,2,"CORDIO"
"Comoros","Ngazidja","Ngazidja","2010","Open access","Grand Comore","Itsandra","NA","Bandamadji","Itsandra","Barakani","Epinephelidae",112,107,16,17,"CORDIO"
"Comoros","Ngazidja","Ngazidja","2010","Partially Restricted","Grand Comore","Coelecanth National Park","NA","Male","Male","Male","Scarinae",93,83,93,105,"CORDIO"
"Comoros","Ngazidja","Ngazidja","2010","Partially Restricted","Grand Comore","Coelecanth National Park","NA","Male","Male","Male","Epinephelidae",53,46,11,10,"CORDIO"
"Comoros","Mwali","Mwali","2010","Partially Restricted","Moheli island","Moheli National Park","NA","Mirereni","Mirereni","Mirereni","Scarinae",213,129,90,59,"CORDIO"
"Comoros","Mwali","Mwali","2010","Partially Restricted","Moheli island","Moheli National Park","NA","Mirereni","Mirereni","Mirereni","Epinephelidae",27,23,3,4,"CORDIO"
"Comoros","Ngazidja","Ngazidja","2010","Partially Restricted","Grand Comore","Mitsamiuli Ndroude National Park","NA","Mitsamiuli","Mitsamiouli","Mitsamiouli","Scarinae",424,464,96,80,"CORDIO"
"Comoros","Ngazidja","Ngazidja","2010","Partially Restricted","Grand Comore","Mitsamiuli Ndroude National Park","NA","Mitsamiuli","Mitsamiouli","Mitsamiouli","Epinephelidae",24,22,10,12,"CORDIO"
"Comoros","Ngazidja","Ngazidja","2010","Open access","Grand Comore","Bambao","NA","Moindzaza","Moindzzaza","Moindzaza","Scarinae",293,115,142,75,"CORDIO"
"Comoros","Ngazidja","Ngazidja","2010","Open access","Grand Comore","Bambao","NA","Moindzaza","Moindzzaza","Moindzaza","Epinephelidae",200,80,37,6,"CORDIO"
"Comoros","Ngazidja","Ngazidja","2010","Open access","Grand Comore",NA,"NA","Shomoni","Shomoni","Shom1","Scarinae",133,83,77,84,"CORDIO"
"Comoros","Ngazidja","Ngazidja","2010","Open access","Grand Comore",NA,"NA","Shomoni","Shomoni","Shom1","Epinephelidae",13,23,1,2,"CORDIO"
"Comoros","Mwali","Mwali","2016","Partially Restricted","Moheli island","Moheli National Park","Moheli","Bahaoussi","Bahausi","Bahausi","Scarinae",432,225,74,53,"CORDIO"
"Comoros","Mwali","Mwali","2016","Partially Restricted","Moheli island","Moheli National Park","Moheli","Bahaoussi","Bahausi","Bahausi","Epinephelidae",160,98,12,11,"CORDIO"
"Comoros","Mwali","Mwali","2016","Partially Restricted","Moheli island","Moheli National Park","Moheli","Boinaidi","Bwanaidi","Bwana_Iddi","Scarinae",272,250,44,45,"CORDIO"
"Comoros","Mwali","Mwali","2016","Partially Restricted","Moheli island","Moheli National Park","Moheli","Boinaidi","Bwanaidi","Bwana_Iddi","Epinephelidae",136,119,64,84,"CORDIO"
"Comoros","Mwali","Mwali","2016","Partially Restricted","Moheli island","Moheli National Park","Moheli","Damu","Damu","Damu","Scarinae",88,66,20,29,"CORDIO"
"Comoros","Mwali","Mwali","2016","Partially Restricted","Moheli island","Moheli National Park","Moheli","Damu","Damu","Damu","Epinephelidae",120,94,38,66,"CORDIO"
"Comoros","Mwali","Mwali","2016","Partially Restricted","Moheli island","Moheli National Park","Moheli","Ferenga","Ferenga","Ferenga","Scarinae",144,96,41,45,"CORDIO"
"Comoros","Mwali","Mwali","2016","Partially Restricted","Moheli island","Moheli National Park","Moheli","Ferenga","Ferenga","Ferenga","Epinephelidae",152,87,20,22,"CORDIO"
"Comoros","Mwali","Mwali","2016","Partially Restricted","Moheli island","Moheli National Park","Moheli","Mchaco","Itsamia","Itsamia","Scarinae",376,269,86,87,"CORDIO"
"Comoros","Mwali","Mwali","2016","Partially Restricted","Moheli island","Moheli National Park","Moheli","Mchaco","Itsamia","Itsamia","Epinephelidae",152,44,13,9,"CORDIO"
"Comoros","Mwali","Mwali","2016","Partially Restricted","Moheli island","Moheli National Park","Moheli","Mea","Mea","Mea","Scarinae",376,171,61,32,"CORDIO"
"Comoros","Mwali","Mwali","2016","Partially Restricted","Moheli island","Moheli National Park","Moheli","Mea","Mea","Mea","Epinephelidae",80,40,8,8,"CORDIO"
"Comoros","Mwali","Mwali","2016","Partially Restricted","Moheli island","Moheli National Park","Moheli","Mirereni","Mereni","Mirereni","Scarinae",88,52,5,5,"CORDIO"
"Comoros","Mwali","Mwali","2016","Partially Restricted","Moheli island","Moheli National Park","Moheli","Mirereni","Mereni","Mirereni","Epinephelidae",96,73,7,8,"CORDIO"
"Comoros","Mwali","Mwali","2016","Partially Restricted","Moheli island","Moheli National Park","Moheli","Nioumachoua","Nioumachoua","Nioumachoua","Scarinae",40,40,6,7,"CORDIO"
"Comoros","Mwali","Mwali","2016","Partially Restricted","Moheli island","Moheli National Park","Moheli","Nioumachoua","Nioumachoua","Nioumachoua","Epinephelidae",48,44,6,5,"CORDIO"
"Comoros","Mwali","Mwali","2016","Partially Restricted","Moheli island","Moheli National Park","Moheli","Mirereni","Sambia","Sambia","Scarinae",576,533,88,94,"CORDIO"
"Comoros","Mwali","Mwali","2016","Partially Restricted","Moheli island","Moheli National Park","Moheli","Mirereni","Sambia","Sambia","Epinephelidae",64,61,13,14,"CORDIO"
"Comoros","Mwali","Mwali","2016","Partially Restricted","Moheli island","Moheli National Park","Moheli","Sambia_W","Sambia_Reserve","Sambia_West","Scarinae",560,117,68,26,"CORDIO"
"Comoros","Mwali","Mwali","2016","Partially Restricted","Moheli island","Moheli National Park","Moheli","Sambia_W","Sambia_Reserve","Sambia_West","Epinephelidae",144,83,11,13,"CORDIO"
"Comoros","Ndzuani","Ndzuani","2018","Open access","Anjouan Island","Ouani","Anjouan","Ouani_01","A","Mtsaka","Scarinae",510,247,144,77,"CORDIO"
"Comoros","Ndzuani","Ndzuani","2018","Open access","Anjouan Island","Ouani","Anjouan","Ouani_01","A","Mtsaka","Epinephelidae",10,20,2,4,"CORDIO"
"Comoros","Ndzuani","Ndzuani","2018","Partially Restricted","Anjouan Island","Shisiwani National Park","Anjouan","Habwanajibou","B","Habwanajibou_01","Scarinae",220,173,79,70,"CORDIO"
"Comoros","Ndzuani","Ndzuani","2018","Partially Restricted","Anjouan Island","Shisiwani National Park","Anjouan","Habwanajibou","B","Habwanajibou_01","Epinephelidae",80,76,24,20,"CORDIO"
"Comoros","Ndzuani","Ndzuani","2018","Partially Restricted","Anjouan Island","Pomoni","Dzindri Yantsini","Dzindri Yantsini","Dzindri Yantsini","Dzindri Yantsini","Epinephelidae",22.22,38.49,1.14,1.97,"DAHARI"
"Comoros","Ngazidja","Ngazidja","2018","Partially Restricted","Grand Comore","Mitsamiuli Ndroude National Park","Grand_Comore","Mitsamiuli","A","GC_A_P_SC05","Scarinae",627,696,98,96,"CORDIO"
"Comoros","Ngazidja","Ngazidja","2018","Partially Restricted","Grand Comore","Mitsamiuli Ndroude National Park","Grand_Comore","Mitsamiuli","A","GC_A_P_SC05","Epinephelidae",107,123,15,19,"CORDIO"
"Comoros","Ngazidja","Ngazidja","2018","Open access","Grand Comore","Bambao","Grand_Comore","Iconi_01","B","MW_E_P_SC10","Scarinae",33,39,34,70,"CORDIO"
"Comoros","Ngazidja","Ngazidja","2018","Open access","Grand Comore","Bambao","Grand_Comore","Iconi_01","B","MW_E_P_SC10","Epinephelidae",160,91,36,35,"CORDIO"
"Comoros","Ndzuani","Ndzuani","2018","Partially Restricted","Anjouan Island","Pomoni","Hamare_01","Hamare_01","Hamare_01","Hamare_01","Epinephelidae",55.56,69.39,0.64,1.06,"DAHARI"
"Comoros","Ndzuani","Ndzuani","2018","Partially Restricted","Anjouan Island","Pomoni","Hamare_01","Hamare_01","Hamare_01","Hamare_01","Scarinae",11.11,19.25,0.03,0.05,"DAHARI"
"Comoros","Ndzuani","Ndzuani","2018","Partially Restricted","Anjouan Island","Pomoni","Hamare_02","Hamare_02","Hamare_02","Hamare_02","Scarinae",22.22,38.49,0.06,0.1,"DAHARI"
"Comoros","Ndzuani","Ndzuani","2018","Partially Restricted","Anjouan Island","Pomoni","Mabamboni","Mabamboni","Mabamboni","Mabamboni","Epinephelidae",44.44,38.49,0.07,0.06,"DAHARI"
"Comoros","Ndzuani","Ndzuani","2018","Partially Restricted","Anjouan Island","Pomoni","Mabamboni","Mabamboni","Mabamboni","Mabamboni","Scarinae",66.67,115.47,1.68,2.91,"DAHARI"
"Comoros","Ndzuani","Ndzuani","2018","Partially Restricted","Anjouan Island","Pomoni","Madjibaridi","Madjibaridi","Madjibaridi","Madjibaridi","Epinephelidae",11.11,19.25,0.53,0.91,"DAHARI"
"Comoros","Ndzuani","Ndzuani","2018","Partially Restricted","Anjouan Island","Pomoni","Madjibaridi","Madjibaridi","Madjibaridi","Madjibaridi","Scarinae",66.67,57.74,0.18,0.16,"DAHARI"
"Comoros","Ndzuani","Ndzuani","2018","Partially Restricted","Anjouan Island","Pomoni","Mnadzijou","Mnadzijou","Mnadzijou","Mnadzijou","Scarinae",66.67,88.19,0.93,1.53,"DAHARI"
"Comoros","Mwali","Mwali","2018","Open access","Moheli Island",NA,"Moheli","Point Ouani","A","Point Ouani","Scarinae",153,155,185,145,"CORDIO"
"Comoros","Mwali","Mwali","2018","Open access","Moheli Island",NA,"Moheli","Point Ouani","A","Point Ouani","Epinephelidae",13,21,4,6,"CORDIO"
"Comoros","Mwali","Mwali","2018","Open access","Moheli Island",NA,"Moheli","Djirani","B_-_N","Djirani","Scarinae",40,44,65,85,"CORDIO"
"Comoros","Mwali","Mwali","2018","Open access","Moheli Island",NA,"Moheli","Djirani","B_-_N","Djirani","Epinephelidae",87,47,71,114,"CORDIO"
"Comoros","Mwali","Mwali","2018","Open access","Moheli Island",NA,"Moheli","Djirani","B_-_S","Djirani","Scarinae",227,180,269,295,"CORDIO"
"Comoros","Mwali","Mwali","2018","Open access","Moheli Island",NA,"Moheli","Djirani","B_-_S","Djirani","Epinephelidae",67,48,30,51,"CORDIO"
"Comoros","Mwali","Mwali","2018","Partially Restricted","Moheli island","Moheli National Park","Moheli","Mea","D","Mea","Scarinae",168,59,90,49,"CORDIO"
"Comoros","Mwali","Mwali","2018","Partially Restricted","Moheli island","Moheli National Park","Moheli","Mea","D","Mea","Epinephelidae",88,66,63,116,"CORDIO"
"Comoros","Mwali","Mwali","2018","Partially Restricted","Moheli island","Moheli National Park","Moheli","Ferenga","E","Ferenga","Scarinae",960,350,551,242,"CORDIO"
"Comoros","Mwali","Mwali","2018","Partially Restricted","Moheli island","Moheli National Park","Moheli","Ferenga","E","Ferenga","Epinephelidae",133,55,107,80,"CORDIO"
"Comoros","Ndzuani","Ndzuani","2018","Partially Restricted","Anjouan Island","Pomoni","Mrojou","Mrojou","Mrojou","Mrojou","Epinephelidae",7.41,12.83,0.38,0.66,"DAHARI"
"Comoros","Ndzuani","Ndzuani","2018","Partially Restricted","Anjouan Island","Pomoni","Mrojou","Mrojou","Mrojou","Mrojou","Scarinae",51.85,89.81,7.3,12.64,"DAHARI"
"Comoros","Ndzuani","Ndzuani","2019","Partially Restricted","Anjouan Island","Pomoni","Dzindri Yantsini","Dzindri Yantsini","Dzindri Yantsini","Dzindri Yantsini","Epinephelidae",22.22,38.49,0.04,0.06,"DAHARI"
"Comoros","Ndzuani","Ndzuani","2019","Partially Restricted","Anjouan Island","Pomoni","Dzindri Yantsini","Dzindri Yantsini","Dzindri Yantsini","Dzindri Yantsini","Scarinae",22.22,38.49,0.06,0.1,"DAHARI"
"Comoros","Ndzuani","Ndzuani","2019","Partially Restricted","Anjouan Island","Pomoni","Hamare_01","Hamare_01","Hamare_01","Hamare_01","Scarinae",22.22,38.49,1.56,2.7,"DAHARI"
"Comoros","Ndzuani","Ndzuani","2019","Partially Restricted","Anjouan Island","Pomoni","Mabamboni","Mabamboni","Mabamboni","Mabamboni","Scarinae",22.22,38.49,0.06,0.1,"DAHARI"
"Comoros","Ndzuani","Ndzuani","2019","Partially Restricted","Anjouan Island","Pomoni","Mnadzijou","Mnadzijou","Mnadzijou","Mnadzijou","Scarinae",44.44,38.49,1.62,2.65,"DAHARI"
"Comoros","Ndzuani","Ndzuani","2020","Partially Restricted","Anjouan Island","Pomoni","Dzindri Yantsini","Dzindri Yantsini","Dzindri Yantsini","Dzindri Yantsini","Scarinae",88.89,50.92,4.73,2.38,"DAHARI"
"Comoros","Ndzuani","Ndzuani","2020","Partially Restricted","Anjouan Island","Pomoni","Hamare_01","Hamare_01","Hamare_01","Hamare_01","Epinephelidae",77.78,38.49,0.13,0.06,"DAHARI"
"Comoros","Ndzuani","Ndzuani","2020","Partially Restricted","Anjouan Island","Pomoni","Hamare_01","Hamare_01","Hamare_01","Hamare_01","Scarinae",77.78,69.39,0.21,0.19,"DAHARI"
"Comoros","Ndzuani","Ndzuani","2020","Partially Restricted","Anjouan Island","Pomoni","Hamare_02","Hamare_02","Hamare_02","Hamare_02","Epinephelidae",22.22,19.25,0.55,0.9,"DAHARI"
"Comoros","Ndzuani","Ndzuani","2020","Partially Restricted","Anjouan Island","Pomoni","Hamare_02","Hamare_02","Hamare_02","Hamare_02","Scarinae",11.11,19.25,0.03,0.05,"DAHARI"
"Comoros","Ndzuani","Ndzuani","2020","Partially Restricted","Anjouan Island","Pomoni","Mabamboni","Mabamboni","Mabamboni","Mabamboni","Epinephelidae",155.56,101.84,4.34,4.84,"DAHARI"
"Comoros","Ndzuani","Ndzuani","2020","Partially Restricted","Anjouan Island","Pomoni","Mabamboni","Mabamboni","Mabamboni","Mabamboni","Scarinae",177.78,252.4,7.97,13.65,"DAHARI"
"Comoros","Ndzuani","Ndzuani","2020","Partially Restricted","Anjouan Island","Pomoni","Madjibaridi","Madjibaridi","Madjibaridi","Madjibaridi","Epinephelidae",44.44,50.92,0.07,0.08,"DAHARI"
"Comoros","Ndzuani","Ndzuani","2020","Partially Restricted","Anjouan Island","Pomoni","Mnadzijou","Mnadzijou","Mnadzijou","Mnadzijou","Scarinae",533.33,240.37,8.94,12.83,"DAHARI"
"Comoros","Ndzuani","Ndzuani","2020","Partially Restricted","Anjouan Island","Pomoni","Mrojou","Mrojou","Mrojou","Mrojou","Epinephelidae",22.22,38.49,0.55,0.94,"DAHARI"
"Comoros","Ndzuani","Ndzuani","2021","Partially Restricted","Anjouan Island","Pomoni","Dzindri Yantsini","Dzindri Yantsini","Dzindri Yantsini","Dzindri Yantsini","Epinephelidae",55.56,69.39,3.69,4.98,"DAHARI"
"Comoros","Ndzuani","Ndzuani","2021","Partially Restricted","Anjouan Island","Pomoni","Dzindri Yantsini","Dzindri Yantsini","Dzindri Yantsini","Dzindri Yantsini","Scarinae",33.33,0,2.34,0,"DAHARI"
"Comoros","Ndzuani","Ndzuani","2021","Partially Restricted","Anjouan Island","Pomoni","Hamare_01","Hamare_01","Hamare_01","Hamare_01","Epinephelidae",77.78,19.25,1.19,0.94,"DAHARI"
"Comoros","Ndzuani","Ndzuani","2021","Partially Restricted","Anjouan Island","Pomoni","Hamare_01","Hamare_01","Hamare_01","Hamare_01","Scarinae",111.11,38.49,1.8,1.25,"DAHARI"
"Comoros","Ndzuani","Ndzuani","2021","Partially Restricted","Anjouan Island","Pomoni","Hamare_02","Hamare_02","Hamare_02","Hamare_02","Epinephelidae",122.22,69.39,2.79,2.45,"DAHARI"
"Comoros","Ndzuani","Ndzuani","2021","Partially Restricted","Anjouan Island","Pomoni","Mabamboni","Mabamboni","Mabamboni","Mabamboni","Epinephelidae",66.67,66.67,7.59,7.54,"DAHARI"
"Comoros","Ndzuani","Ndzuani","2021","Partially Restricted","Anjouan Island","Pomoni","Mabamboni","Mabamboni","Mabamboni","Mabamboni","Scarinae",88.89,101.84,10.73,18.43,"DAHARI"
"Comoros","Ndzuani","Ndzuani","2021","Partially Restricted","Anjouan Island","Pomoni","Madjibaridi","Madjibaridi","Madjibaridi","Madjibaridi","Epinephelidae",66.67,115.47,2.74,4.75,"DAHARI"
"Comoros","Ndzuani","Ndzuani","2021","Partially Restricted","Anjouan Island","Moya","Mpoundri","Mpoundri","Mpoundri","Mpoundri","Epinephelidae",66.67,59.63,7.18,7.78,"DAHARI"
"Comoros","Ndzuani","Ndzuani","2021","Partially Restricted","Anjouan Island","Moya","Mpoundri","Mpoundri","Mpoundri","Mpoundri","Scarinae",122.22,142.47,18.81,28.74,"DAHARI"
"Comoros","Ndzuani","Ndzuani","2021","Partially Restricted","Anjouan Island","Pomoni","Mrojou","Mrojou","Mrojou","Mrojou","Epinephelidae",33.33,0,3.48,4.57,"DAHARI"
"Comoros","Ndzuani","Ndzuani","2021","Partially Restricted","Anjouan Island","Moya","Mutsa Muhune","Mutsa Muhune","Mutsa Muhune","Mutsa Muhune","Epinephelidae",66.67,66.67,3.33,3.29,"DAHARI"
"Comoros","Ndzuani","Ndzuani","2021","Partially Restricted","Anjouan Island","Moya","Mutsa Muhune","Mutsa Muhune","Mutsa Muhune","Mutsa Muhune","Scarinae",511.11,472.97,78.29,74.31,"DAHARI"
"Comoros","Ndzuani","Ndzuani","2021","Partially Restricted","Anjouan Island","Moya","Nkohani Shindrini","Nkohani Shindrini","Nkohani Shindrini","Nkohani Shindrini","Epinephelidae",88.89,38.49,4.31,1.76,"DAHARI"
"Comoros","Ndzuani","Ndzuani","2021","Partially Restricted","Anjouan Island","Moya","Nkohani Shindrini","Nkohani Shindrini","Nkohani Shindrini","Nkohani Shindrini","Scarinae",200,290.59,14.02,20.37,"DAHARI"
"Comoros","Ndzuani","Ndzuani","2021","Partially Restricted","Anjouan Island","Moya","Plage Moya","Plage Moya","Plage Moya","Plage Moya","Epinephelidae",106.67,89.44,23.6,23.87,"DAHARI"
"Comoros","Ndzuani","Ndzuani","2021","Partially Restricted","Anjouan Island","Moya","Plage Moya","Plage Moya","Plage Moya","Plage Moya","Scarinae",120,166,17.4,23.76,"DAHARI"
"Comoros","Ngazidja","Ngazidja","2022","National Park","Grand Comore","Grand Comore","Bangoi","Bangoi","Bangoi","Bangoi","Epinephelidae",320,215.41,31.19,20.66,"CORDIO"
"Comoros","Ngazidja","Ngazidja","2022","National Park","Grand Comore","Grand Comore","Bangoi","Bangoi","Bangoi","Bangoi","Scarinae",192,237.32,17.1,14.59,"CORDIO"
"Comoros","Ngazidja","Ngazidja","2022","National Park","Grand Comore","Grand Comore","Chindini","Chindini","Chindini","Chindini","Epinephelidae",210,119.44,27.69,8.83,"CORDIO"
"Comoros","Ngazidja","Ngazidja","2022","National Park","Grand Comore","Grand Comore","Chindini","Chindini","Chindini","Chindini","Scarinae",320,134.66,59.4,9.94,"CORDIO"
"Comoros","Ndzuani","Ndzuani","2022","Partially Restricted","Anjouan Island","Pomoni","Dzindri Yantsini","Dzindri Yantsini","Dzindri Yantsini","Dzindri Yantsini","Epinephelidae",56,58.99,3.27,3.93,"DAHARI"
"Comoros","Ndzuani","Ndzuani","2022","Partially Restricted","Anjouan Island","Pomoni","Dzindri Yantsini","Dzindri Yantsini","Dzindri Yantsini","Dzindri Yantsini","Scarinae",296,101.39,22.82,4.43,"DAHARI"
"Comoros","Ndzuani","Ndzuani","2022","Partially Restricted","Anjouan Island","Pomoni","Hamare_01","Hamare_01","Hamare_01","Hamare_01","Epinephelidae",92,30.33,3.65,1.63,"DAHARI"
"Comoros","Ndzuani","Ndzuani","2022","Partially Restricted","Anjouan Island","Pomoni","Hamare_01","Hamare_01","Hamare_01","Hamare_01","Scarinae",160,81.24,11.13,7.1,"DAHARI"
"Comoros","Ndzuani","Ndzuani","2022","Partially Restricted","Anjouan Island","Pomoni","Hamare_02","Hamare_02","Hamare_02","Hamare_02","Epinephelidae",52,59.33,2.86,2.68,"DAHARI"
"Comoros","Ndzuani","Ndzuani","2022","Partially Restricted","Anjouan Island","Pomoni","Hamare_02","Hamare_02","Hamare_02","Hamare_02","Scarinae",80,104.88,18.65,36.27,"DAHARI"
"Comoros","Ngazidja","Ngazidja","2022","National Park","Grand Comore","Grand Comore","Ifoundihe Chamboini","Ifoundihe Chamboini","Ifoundihe Chamboini","Ifoundihe Chamboini","Epinephelidae",256,45.61,59.7,18.52,"CORDIO"
"Comoros","Ngazidja","Ngazidja","2022","National Park","Grand Comore","Grand Comore","Ifoundihe Chamboini","Ifoundihe Chamboini","Ifoundihe Chamboini","Ifoundihe Chamboini","Scarinae",128,65.73,38.99,26.36,"CORDIO"
"Comoros","Ngazidja","Ngazidja","2022","National Park","Grand Comore","Grand Comore","Itsoundzou","Itsoundzou","Itsoundzou","Itsoundzou","Epinephelidae",330,358.33,151.42,222.44,"CORDIO"
"Comoros","Ngazidja","Ngazidja","2022","National Park","Grand Comore","Grand Comore","Itsoundzou","Itsoundzou","Itsoundzou","Itsoundzou","Scarinae",290,231.8,51.15,29.06,"CORDIO"
"Comoros","Ngazidja","Ngazidja","2022","National Park","Grand Comore","Grand Comore","Ivoini","Ivoini","Ivoini","Ivoini","Epinephelidae",168,99.6,11.74,8.86,"CORDIO"
"Comoros","Ngazidja","Ngazidja","2022","National Park","Grand Comore","Grand Comore","Ivoini","Ivoini","Ivoini","Ivoini","Scarinae",24,35.78,3.39,4.75,"CORDIO"
"Comoros","Ndzuani","Ndzuani","2022","Partially Restricted","Anjouan Island","Pomoni","Mabamboni","Mabamboni","Mabamboni","Mabamboni","Epinephelidae",10,20,0.48,0.95,"DAHARI"
"Comoros","Ndzuani","Ndzuani","2022","Partially Restricted","Anjouan Island","Pomoni","Mabamboni","Mabamboni","Mabamboni","Mabamboni","Scarinae",455,388.63,25.83,22.26,"DAHARI"
"Comoros","Ndzuani","Ndzuani","2022","Partially Restricted","Anjouan Island","Pomoni","Madjibaridi","Madjibaridi","Madjibaridi","Madjibaridi","Epinephelidae",8,17.89,0.38,0.85,"DAHARI"
"Comoros","Ndzuani","Ndzuani","2022","Partially Restricted","Anjouan Island","Pomoni","Madjibaridi","Madjibaridi","Madjibaridi","Madjibaridi","Scarinae",72,76.94,4.51,5.46,"DAHARI"
"Comoros","Ngazidja","Ngazidja","2022","National Park","Grand Comore","Grand Comore","Male","Male","Male","Male","Epinephelidae",184,104.31,17.08,9.69,"CORDIO"
"Comoros","Ngazidja","Ngazidja","2022","National Park","Grand Comore","Grand Comore","Male","Male","Male","Male","Scarinae",128,124.58,17,11.3,"CORDIO"
"Comoros","Ngazidja","Ngazidja","2022","National Park","Grand Comore","Grand Comore","Memboimboini","Memboimboini","Memboimboini","Memboimboini","Epinephelidae",100,23.09,11.85,3.79,"CORDIO"
"Comoros","Ngazidja","Ngazidja","2022","National Park","Grand Comore","Grand Comore","Memboimboini","Memboimboini","Memboimboini","Memboimboini","Scarinae",90,154.49,22.68,33.77,"CORDIO"
"Comoros","Ndzuani","Ndzuani","2022","Partially Restricted","Anjouan Island","Moya","Mpoundri","Mpoundri","Mpoundri","Mpoundri","Epinephelidae",20,37.71,1.85,4.5,"DAHARI"
"Comoros","Ndzuani","Ndzuani","2022","Partially Restricted","Anjouan Island","Moya","Mpoundri","Mpoundri","Mpoundri","Mpoundri","Scarinae",142,160.96,7.26,8.03,"DAHARI"
"Comoros","Ndzuani","Ndzuani","2022","Partially Restricted","Anjouan Island","Pomoni","Mrojou","Mrojou","Mrojou","Mrojou","Scarinae",144,138.85,8.93,7.61,"DAHARI"
"Comoros","Ndzuani","Ndzuani","2022","Partially Restricted","Anjouan Island","Moya","Mutsa Muhune","Mutsa Muhune","Mutsa Muhune","Mutsa Muhune","Epinephelidae",12,17.89,0.6,0.89,"DAHARI"
"Comoros","Ndzuani","Ndzuani","2022","Partially Restricted","Anjouan Island","Moya","Mutsa Muhune","Mutsa Muhune","Mutsa Muhune","Mutsa Muhune","Scarinae",100,76.16,4.85,3.7,"DAHARI"
"Comoros","Ngazidja","Ngazidja","2022","National Park","Grand Comore","Grand Comore","Ndroude","Ndroude","Ndroude","Ndroude","Epinephelidae",104,60.66,149.3,297.8,"CORDIO"
"Comoros","Ngazidja","Ngazidja","2022","National Park","Grand Comore","Grand Comore","Ndroude","Ndroude","Ndroude","Ndroude","Scarinae",128,59.33,19.59,12.06,"CORDIO"
"Comoros","Mwali","Mwali","2022","National Park","Moheli island","Moheli National Park","Nkandzoni","Nkandzoni","Nkandzoni","Nkandzoni","Epinephelidae",24,35.78,1.93,3.16,"CORDIO"
"Comoros","Mwali","Mwali","2022","National Park","Moheli island","Moheli National Park","Nkandzoni","Nkandzoni","Nkandzoni","Nkandzoni","Scarinae",584,373.74,222.01,163.91,"CORDIO"
"Comoros","Ndzuani","Ndzuani","2022","Partially Restricted","Anjouan Island","Moya","Nkohani Shindrini","Nkohani Shindrini","Nkohani Shindrini","Nkohani Shindrini","Epinephelidae",24,16.73,0.97,0.67,"DAHARI"
"Comoros","Ndzuani","Ndzuani","2022","Partially Restricted","Anjouan Island","Moya","Nkohani Shindrini","Nkohani Shindrini","Nkohani Shindrini","Nkohani Shindrini","Scarinae",120,151.66,6.17,5.48,"DAHARI"
"Comoros","Ndzuani","Ndzuani","2022","Partially Restricted","Anjouan Island","Moya","Plage Moya","Plage Moya","Plage Moya","Plage Moya","Epinephelidae",30,23.57,1.21,1.12,"DAHARI"
"Comoros","Ndzuani","Ndzuani","2022","Partially Restricted","Anjouan Island","Moya","Plage Moya","Plage Moya","Plage Moya","Plage Moya","Scarinae",152,113.22,11.38,14.26,"DAHARI"
"Comoros","Ndzuani","Ndzuani","2023","Open access","Anjouan Island","Vouani","Darsalama","Darsalama","Darsalama","Darsalama","Scarinae",312,351.66,21.97,28.68,"DAHARI"
"Comoros","Ndzuani","Ndzuani","2023","Partially Restricted","Anjouan Island","Pomoni","Dzindri Yantsini","Dzindri Yantsini","Dzindri Yantsini","Dzindri Yantsini","Epinephelidae",20,14.14,0.95,0.67,"DAHARI"
"Comoros","Ndzuani","Ndzuani","2023","Partially Restricted","Anjouan Island","Pomoni","Dzindri Yantsini","Dzindri Yantsini","Dzindri Yantsini","Dzindri Yantsini","Scarinae",540,388.59,32.74,23.33,"DAHARI"
"Comoros","Ngazidja","Ngazidja","2023","National Park","Grand Comore","Grand Comore","Fassi","Fassi","Fassi","Fassi","Scarinae",390,140,50,33.67,"CORDIO"
"Comoros","Ngazidja","Ngazidja","2023","National Park","Grand Comore","Grand Comore","Fassi","Fassi","Fassi","Fassi","Epinephelidae",230,182.94,6.33,5.79,"CORDIO"
"Comoros","Ndzuani","Ndzuani","2023","Partially Restricted","Anjouan Island","Pomoni","Hamare_01","Hamare_01","Hamare_01","Hamare_01","Epinephelidae",72,48.17,2.74,1.43,"DAHARI"
"Comoros","Ndzuani","Ndzuani","2023","Partially Restricted","Anjouan Island","Pomoni","Hamare_01","Hamare_01","Hamare_01","Hamare_01","Scarinae",456,288.93,24.69,20,"DAHARI"
"Comoros","Ndzuani","Ndzuani","2023","Partially Restricted","Anjouan Island","Pomoni","Hamare_02","Hamare_02","Hamare_02","Hamare_02","Epinephelidae",12,17.89,0.2,0.42,"DAHARI"
"Comoros","Ndzuani","Ndzuani","2023","Partially Restricted","Anjouan Island","Pomoni","Hamare_02","Hamare_02","Hamare_02","Hamare_02","Scarinae",80,86.02,12.45,18.37,"DAHARI"
"Comoros","Ndzuani","Ndzuani","2023","Partially Restricted","Anjouan Island","Pomoni","Mabamboni","Mabamboni","Mabamboni","Mabamboni","Epinephelidae",72,71.55,3.42,3.4,"DAHARI"
"Comoros","Ndzuani","Ndzuani","2023","Partially Restricted","Anjouan Island","Pomoni","Mabamboni","Mabamboni","Mabamboni","Mabamboni","Scarinae",480,399,18.56,16.04,"DAHARI"
"Comoros","Ngazidja","Ngazidja","2023","National Park","Grand Comore","Grand Comore","Mitsamiuli","Mitsamiuli","Mitsamiuli","Mitsamiuli","Scarinae",230,151,42.74,24.35,"CORDIO"
"Comoros","Ngazidja","Ngazidja","2023","National Park","Grand Comore","Grand Comore","Mitsamiuli","Mitsamiuli","Mitsamiuli","Mitsamiuli","Epinephelidae",90,60,6.53,5.88,"CORDIO"
"Comoros","Ndzuani","Ndzuani","2023","Partially Restricted","Anjouan Island","Moya","Mpoundri","Mpoundri","Mpoundri","Mpoundri","Epinephelidae",8,13.98,0.4,0.69,"DAHARI"
"Comoros","Ndzuani","Ndzuani","2023","Partially Restricted","Anjouan Island","Moya","Mpoundri","Mpoundri","Mpoundri","Mpoundri","Scarinae",264,242.54,13.39,12.95,"DAHARI"
"Comoros","Ndzuani","Ndzuani","2023","Partially Restricted","Anjouan Island","Pomoni","Mrojou","Mrojou","Mrojou","Mrojou","Epinephelidae",6.67,9.43,0.33,0.46,"DAHARI"
"Comoros","Ndzuani","Ndzuani","2023","Partially Restricted","Anjouan Island","Pomoni","Mrojou","Mrojou","Mrojou","Mrojou","Scarinae",140,129.61,4.78,6.16,"DAHARI"
"Comoros","Ndzuani","Ndzuani","2023","Partially Restricted","Anjouan Island","Moya","Mutsa Muhune","Mutsa Muhune","Mutsa Muhune","Mutsa Muhune","Scarinae",928,655.07,32.18,24.18,"DAHARI"
"Comoros","Ngazidja","Ngazidja","2023","National Park","Grand Comore","Grand Comore","Ndjelezi","Ndjelezi","Ndjelezi","Ndjelezi","Scarinae",200,117.76,35.86,29.63,"CORDIO"
"Comoros","Ngazidja","Ngazidja","2023","National Park","Grand Comore","Grand Comore","Ndjelezi","Ndjelezi","Ndjelezi","Ndjelezi","Epinephelidae",170,82.46,13.91,4.1,"CORDIO"
"Comoros","Ndzuani","Ndzuani","2023","Partially Restricted","Anjouan Island","Moya","Nkohani Shindrini","Nkohani Shindrini","Nkohani Shindrini","Nkohani Shindrini","Epinephelidae",32,33.47,1.52,1.59,"DAHARI"
"Comoros","Ndzuani","Ndzuani","2023","Partially Restricted","Anjouan Island","Moya","Nkohani Shindrini","Nkohani Shindrini","Nkohani Shindrini","Nkohani Shindrini","Scarinae",96,60.66,9.61,8.31,"DAHARI"
"Comoros","Ndzuani","Ndzuani","2023","Partially Restricted","Anjouan Island","Moya","Plage Moya","Plage Moya","Plage Moya","Plage Moya","Epinephelidae",40,38.87,1.81,1.72,"DAHARI"
"Comoros","Ndzuani","Ndzuani","2023","Partially Restricted","Anjouan Island","Moya","Plage Moya","Plage Moya","Plage Moya","Plage Moya","Scarinae",340,325.78,21.9,21.06,"DAHARI"
"Comoros","Ndzuani","Ndzuani","2024","Open access","Anjouan Island","Vouani","Darsalama","Darsalama","Darsalama","Darsalama","Epinephelidae",8,16.87,0.21,0.65,"DAHARI"
"Comoros","Ndzuani","Ndzuani","2024","Open access","Anjouan Island","Vouani","Darsalama","Darsalama","Darsalama","Darsalama","Scarinae",44,51.47,2.28,3.18,"DAHARI"
"Comoros","Ndzuani","Ndzuani","2024","Partially Restricted","Anjouan Island","Pomoni","Dzindri Yantsini","Dzindri Yantsini","Dzindri Yantsini","Dzindri Yantsini","Epinephelidae",8,17.89,0.38,0.85,"DAHARI"
"Comoros","Ndzuani","Ndzuani","2024","Partially Restricted","Anjouan Island","Pomoni","Dzindri Yantsini","Dzindri Yantsini","Dzindri Yantsini","Dzindri Yantsini","Scarinae",72,65.73,3.43,3.11,"DAHARI"
"Comoros","Ndzuani","Ndzuani","2024","National Park","Anjouan Island","Shisiwani National Park","Fumboni","Fumboni","Fumboni","Fumboni","Epinephelidae",230,154.49,22.8,11.01,"CORDIO"
"Comoros","Ndzuani","Ndzuani","2024","National Park","Anjouan Island","Shisiwani National Park","Fumboni","Fumboni","Fumboni","Fumboni","Scarinae",280,138.56,36.31,28.95,"CORDIO"
"Comoros","Ndzuani","Ndzuani","2024","National Park","Anjouan Island","Shisiwani National Park","Habwanajibou","Habwanajibou","Habwanajibou","Habwanajibou","Epinephelidae",64,45.61,9.66,8.6,"CORDIO"
"Comoros","Ndzuani","Ndzuani","2024","National Park","Anjouan Island","Shisiwani National Park","Habwanajibou","Habwanajibou","Habwanajibou","Habwanajibou","Scarinae",264,145.88,63.91,53.3,"CORDIO"
"Comoros","Ndzuani","Ndzuani","2024","Partially Restricted","Anjouan Island","Pomoni","Hamare_01","Hamare_01","Hamare_01","Hamare_01","Epinephelidae",53.33,23.09,1.92,1.87,"DAHARI"
"Comoros","Ndzuani","Ndzuani","2024","Partially Restricted","Anjouan Island","Pomoni","Hamare_01","Hamare_01","Hamare_01","Hamare_01","Scarinae",13.33,23.09,0.93,1.62,"DAHARI"
"Comoros","Ndzuani","Ndzuani","2024","Partially Restricted","Anjouan Island","Pomoni","Hamare_02","Hamare_02","Hamare_02","Hamare_02","Epinephelidae",32,52.15,1.63,2.71,"DAHARI"
"Comoros","Ndzuani","Ndzuani","2024","Partially Restricted","Anjouan Island","Pomoni","Hamare_02","Hamare_02","Hamare_02","Hamare_02","Scarinae",56,104.31,2.85,4.95,"DAHARI"
"Comoros","Ndzuani","Ndzuani","2024","National Park","Anjouan Island","Shisiwani National Park","Harimandago","Harimandago","Harimandago","Harimandago","Epinephelidae",88,76.94,12.22,11.8,"CORDIO"
"Comoros","Ndzuani","Ndzuani","2024","National Park","Anjouan Island","Shisiwani National Park","Harimandago","Harimandago","Harimandago","Harimandago","Scarinae",248,186.33,32.15,30.28,"CORDIO"
"Comoros","Ndzuani","Ndzuani","2024","National Park","Anjouan Island","Shisiwani National Park","Hashelafou","Hashelafou","Hashelafou","Hashelafou","Epinephelidae",300,161.66,70.94,50.69,"CORDIO"
"Comoros","Ndzuani","Ndzuani","2024","National Park","Anjouan Island","Shisiwani National Park","Hashelafou","Hashelafou","Hashelafou","Hashelafou","Scarinae",390,227.16,76.38,52.37,"CORDIO"
"Comoros","Ndzuani","Ndzuani","2024","National Park","Anjouan Island","Shisiwani National Park","Lambwa","Lambwa","Lambwa","Lambwa","Epinephelidae",128,99.6,18.21,14.64,"CORDIO"
"Comoros","Ndzuani","Ndzuani","2024","National Park","Anjouan Island","Shisiwani National Park","Lambwa","Lambwa","Lambwa","Lambwa","Scarinae",264,156.46,46.35,34.55,"CORDIO"
"Comoros","Ndzuani","Ndzuani","2024","National Park","Anjouan Island","Shisiwani National Park","Mayindrini","Mayindrini","Mayindrini","Mayindrini","Epinephelidae",264,186.76,33.06,25.49,"CORDIO"
"Comoros","Ndzuani","Ndzuani","2024","National Park","Anjouan Island","Shisiwani National Park","Mayindrini","Mayindrini","Mayindrini","Mayindrini","Scarinae",248,163.46,56.26,35.14,"CORDIO"
"Comoros","Ndzuani","Ndzuani","2024","Partially Restricted","Anjouan Island","Moya","Mpoundri","Mpoundri","Mpoundri","Mpoundri","Epinephelidae",4,12.65,0.2,0.65,"DAHARI"
"Comoros","Ndzuani","Ndzuani","2024","Partially Restricted","Anjouan Island","Moya","Mpoundri","Mpoundri","Mpoundri","Mpoundri","Scarinae",72,118.96,4.51,7.75,"DAHARI"
"Comoros","Ndzuani","Ndzuani","2024","Partially Restricted","Anjouan Island","Pomoni","Mrojou","Mrojou","Mrojou","Mrojou","Epinephelidae",8,17.89,0.01,0.03,"DAHARI"
"Comoros","Ndzuani","Ndzuani","2024","Partially Restricted","Anjouan Island","Moya","Plage Moya","Plage Moya","Plage Moya","Plage Moya","Epinephelidae",8,16.87,0.4,0.83,"DAHARI"
"Comoros","Ndzuani","Ndzuani","2024","Partially Restricted","Anjouan Island","Moya","Plage Moya","Plage Moya","Plage Moya","Plage Moya","Scarinae",132,148.53,7.64,9.38,"DAHARI"
"Comoros","Ndzuani","Ndzuani","2024","National Park","Anjouan Island","Shisiwani National Park","Shitsangasheli","Shitsangasheli","Shitsangasheli","Shitsangasheli","Epinephelidae",152,65.73,31.09,18.53,"CORDIO"
"Comoros","Ndzuani","Ndzuani","2024","National Park","Anjouan Island","Shisiwani National Park","Shitsangasheli","Shitsangasheli","Shitsangasheli","Shitsangasheli","Scarinae",544,184.61,108.72,42.71,"CORDIO"
